0_6_23-09-2013_12,0,6,12,15191.286999999982,,,
0_0_04-09-2013_19,0,0,19,12020.486000000008,,,
0_3_03-09-2013_6,0,3,6,7338.6730000000025,,,
0_7_03-09-2013_2,0,7,2,11377.620000000004,,,
0_4_09-09-2013_7,0,4,7,0.0,,,
0_6_08-09-2013_2,0,6,2,2889.2990000000004,,,
0_0_06-09-2013_7,0,0,7,1442.506,,,
0_7_07-09-2013_1,0,7,1,10634.608999999997,,,
0_7_02-09-2013_20,0,7,20,12866.856999999993,,,
0_3_09-09-2013_10,0,3,10,1687.3009999999995,,,
0_7_05-09-2013_13,0,7,13,856.0340000000003,,,
0_5_23-09-2013_5,0,5,5,63.536,,,
0_6_03-09-2013_22,0,6,22,17678.405000000013,,,
0_5_29-09-2013_23,0,5,23,30.72300000000001,,,
0_0_02-09-2013_17,0,0,17,9531.52700000001,,,
0_6_25-09-2013_10,0,6,10,9832.584999999995,,,
0_3_27-09-2013_7,0,3,7,3279.802999999999,,,
0_5_10-09-2013_9,0,5,9,34.65700000000001,,,
0_3_03-09-2013_8,0,3,8,3578.0019999999986,,,
0_5_01-09-2013_7,0,5,7,0.0,,,
0_0_07-09-2013_3,0,0,3,1361.3859999999995,,,
0_6_30-09-2013_12,0,6,12,6188.674999999997,,,
0_0_05-09-2013_21,0,0,21,1392.776,,,
0_6_25-09-2013_19,0,6,19,10615.177,,,
0_3_06-09-2013_3,0,3,3,1503.6880000000006,,,
0_4_24-09-2013_15,0,4,15,1509.046,,,
0_6_22-09-2013_11,0,6,11,21082.44700000001,,,
0_3_05-09-2013_23,0,3,23,1416.2480000000005,,,
0_4_10-09-2013_16,0,4,16,7271.176999999999,,,
0_3_23-09-2013_15,0,3,15,3714.731,,,
0_6_16-09-2013_3,0,6,3,5011.246000000001,,,
0_4_28-09-2013_6,0,4,6,0.0,,,
0_0_04-09-2013_9,0,0,9,9690.263000000006,,,
0_6_20-09-2013_2,0,6,2,5005.5250000000015,,,
0_2_26-09-2013_9,0,2,9,591.7090000000004,,,
0_7_17-09-2013_7,0,7,7,14386.534,,,
0_5_12-09-2013_10,0,5,10,37.312,,,
0_4_06-09-2013_4,0,4,4,0.0,,,
0_3_24-09-2013_22,0,3,22,6937.384999999998,,,
0_4_16-09-2013_1,0,4,1,0.0,,,
0_0_05-09-2013_14,0,0,14,1067.4049999999997,,,
0_5_12-09-2013_6,0,5,6,41.607,,,
0_0_01-09-2013_11,0,0,11,10224.725,,,
0_7_08-09-2013_22,0,7,22,10940.091,,,
0_0_01-09-2013_13,0,0,13,10000.883999999998,,,
0_5_23-09-2013_10,0,5,10,35.068000000000005,,,
0_6_29-09-2013_9,0,6,9,10613.660000000003,,,
0_2_28-09-2013_13,0,2,13,125.93499999999996,,,
0_5_07-09-2013_20,0,5,20,780.0899999999998,,,
0_4_28-09-2013_4,0,4,4,0.0,,,
0_6_24-09-2013_10,0,6,10,9222.378000000004,,,
0_5_01-09-2013_19,0,5,19,269.42600000000004,,,
0_3_17-09-2013_5,0,3,5,7385.370000000003,,,
0_6_01-09-2013_5,0,6,5,4385.410000000002,,,
0_3_04-09-2013_20,0,3,20,8427.295999999995,,,
0_5_18-09-2013_1,0,5,1,4.316000000000002,,,
0_6_07-09-2013_22,0,6,22,6510.165000000001,,,
0_6_14-09-2013_11,0,6,11,8906.169000000004,,,
0_6_05-09-2013_8,0,6,8,2481.178000000001,,,
0_6_29-09-2013_0,0,6,0,96.339,,,
0_6_03-09-2013_17,0,6,17,14251.460999999996,,,
0_0_02-09-2013_15,0,0,15,8588.479999999996,,,
0_5_07-09-2013_21,0,5,21,99.44299999999996,,,
0_7_06-09-2013_22,0,7,22,10604.013000000004,,,
0_3_11-09-2013_20,0,3,20,7930.742000000002,,,
0_6_24-09-2013_8,0,6,8,14116.726,,,
0_4_03-09-2013_5,0,4,5,0.0,,,
0_3_21-09-2013_22,0,3,22,463.51599999999985,,,
0_6_24-09-2013_0,0,6,0,17926.240000000013,,,
0_4_10-09-2013_21,0,4,21,0.0,,,
0_5_13-09-2013_19,0,5,19,32.731,,,
0_5_30-09-2013_6,0,5,6,0.0,,,
0_3_08-09-2013_13,0,3,13,6910.257999999999,,,
0_7_07-09-2013_14,0,7,14,10299.504999999996,,,
0_4_03-09-2013_4,0,4,4,0.0,,,
0_4_22-09-2013_7,0,4,7,0.0,,,
0_7_07-09-2013_23,0,7,23,1272.9099999999996,,,
0_7_03-09-2013_23,0,7,23,3574.958999999999,,,
0_4_10-09-2013_15,0,4,15,86439.95299999996,,,
0_6_23-09-2013_17,0,6,17,15005.37700000001,,,
0_3_14-09-2013_10,0,3,10,1837.6830000000007,,,
0_6_08-09-2013_4,0,6,4,3035.0009999999993,,,
0_0_07-09-2013_9,0,0,9,1332.0629999999999,,,
0_5_08-09-2013_7,0,5,7,65.503,,,
0_4_20-09-2013_12,0,4,12,0.0,,,
0_7_01-09-2013_23,0,7,23,2018.8310000000013,,,
0_6_22-09-2013_17,0,6,17,17872.373000000007,,,
0_7_15-09-2013_9,0,7,9,4510.91,,,
0_4_03-09-2013_20,0,4,20,0.0,,,
0_4_10-09-2013_18,0,4,18,0.0,,,
0_5_17-09-2013_5,0,5,5,38.631,,,
0_3_24-09-2013_20,0,3,20,7531.157999999998,,,
0_6_01-09-2013_12,0,6,12,10296.830999999996,,,
0_7_07-09-2013_10,0,7,10,9989.005,,,
0_0_05-09-2013_18,0,0,18,1450.0469999999998,,,
0_5_05-09-2013_18,0,5,18,124.39300000000004,,,
0_3_06-09-2013_15,0,3,15,1539.7370000000005,,,
0_6_17-09-2013_15,0,6,15,9176.115999999996,,,
0_7_01-09-2013_22,0,7,22,11373.936000000003,,,
0_7_05-09-2013_15,0,7,15,863.568,,,
0_0_04-09-2013_16,0,0,16,7887.778999999996,,,
0_3_29-09-2013_21,0,3,21,7068.347000000002,,,
0_4_03-09-2013_18,0,4,18,1385.4199999999996,,,
0_2_26-09-2013_5,0,2,5,534.59,,,
0_3_06-09-2013_1,0,3,1,131.134,,,
0_4_13-09-2013_11,0,4,11,0.0,,,
0_7_17-09-2013_0,0,7,0,1935.8610000000006,,,
0_7_04-09-2013_2,0,7,2,1916.0460000000005,,,
0_7_13-09-2013_7,0,7,7,5810.197000000003,,,
0_4_03-09-2013_11,0,4,11,0.0,,,
0_0_05-09-2013_4,0,0,4,1463.700000000001,,,
0_4_15-09-2013_0,0,4,0,0.0,,,
0_3_28-09-2013_0,0,3,0,0.0,,,
0_6_16-09-2013_6,0,6,6,5084.985999999999,,,
0_7_17-09-2013_9,0,7,9,5558.632000000002,,,
0_3_25-09-2013_20,0,3,20,7341.093000000002,,,
0_7_03-09-2013_13,0,7,13,7117.103999999998,,,
0_0_03-09-2013_15,0,0,15,8308.671999999995,,,
0_3_03-09-2013_4,0,3,4,6982.329999999999,,,
0_3_30-09-2013_16,0,3,16,464.591,,,
0_5_10-09-2013_18,0,5,18,37.109,,,
0_5_05-09-2013_19,0,5,19,133.58899999999997,,,
0_0_05-09-2013_15,0,0,15,1438.165,,,
0_0_05-09-2013_22,0,0,22,1364.8030000000008,,,
0_2_30-09-2013_19,0,2,19,6074.935,,,
0_6_07-09-2013_18,0,6,18,10734.922000000002,,,
0_7_03-09-2013_4,0,7,4,11067.880999999998,,,
0_6_26-09-2013_14,0,6,14,18616.372000000007,,,
0_3_08-09-2013_14,0,3,14,6811.086000000001,,,
0_0_07-09-2013_1,0,0,1,1484.1329999999996,,,
0_0_07-09-2013_14,0,0,14,1452.8489999999995,,,
0_6_07-09-2013_21,0,6,21,9354.591,,,
0_6_07-09-2013_23,0,6,23,2780.5429999999988,,,
0_3_22-09-2013_3,0,3,3,2471.1360000000004,,,
0_4_16-09-2013_17,0,4,17,0.0,,,
0_0_05-09-2013_7,0,0,7,1716.2910000000006,,,
0_3_03-09-2013_11,0,3,11,2383.2140000000004,,,
0_5_10-09-2013_21,0,5,21,41.576000000000015,,,
0_3_25-09-2013_22,0,3,22,8680.488999999994,,,
0_0_05-09-2013_17,0,0,17,1449.2500000000002,,,
0_6_24-09-2013_9,0,6,9,20203.19000000002,,,
0_5_15-09-2013_6,0,5,6,54.42700000000002,,,
0_3_28-09-2013_18,0,3,18,0.0,,,
0_7_08-09-2013_1,0,7,1,47.945,,,
0_4_20-09-2013_0,0,4,0,0.0,,,
0_3_23-09-2013_12,0,3,12,3784.300000000001,,,
0_2_28-09-2013_19,0,2,19,133.17000000000002,,,
0_3_30-09-2013_13,0,3,13,461.245,,,
0_7_12-09-2013_20,0,7,20,2016.9089999999994,,,
0_3_17-09-2013_7,0,3,7,8668.679,,,
0_7_04-09-2013_11,0,7,11,6115.083000000001,,,
0_5_17-09-2013_3,0,5,3,43.75600000000002,,,
0_5_17-09-2013_9,0,5,9,828.9619999999996,,,
0_4_16-09-2013_5,0,4,5,0.0,,,
0_6_25-09-2013_14,0,6,14,9270.003000000008,,,
0_7_08-09-2013_3,0,7,3,1230.7579999999996,,,
0_3_11-09-2013_21,0,3,21,3764.428,,,
0_4_07-09-2013_11,0,4,11,0.0,,,
0_4_24-09-2013_0,0,4,0,0.0,,,
0_0_02-09-2013_18,0,0,18,8825.354,,,
0_7_16-09-2013_3,0,7,3,3060.505,,,
0_5_13-09-2013_15,0,5,15,30.982,,,
0_4_26-09-2013_12,0,4,12,0.0,,,
0_3_27-09-2013_13,0,3,13,1480.2820000000002,,,
0_3_02-09-2013_14,0,3,14,1500.525,,,
0_6_05-09-2013_11,0,6,11,2371.8280000000004,,,
0_4_16-09-2013_14,0,4,14,0.0,,,
0_3_02-09-2013_19,0,3,19,7391.571999999999,,,
0_7_15-09-2013_20,0,7,20,3216.0139999999983,,,
0_4_09-09-2013_15,0,4,15,0.0,,,
0_5_30-09-2013_8,0,5,8,0.0,,,
0_6_03-09-2013_21,0,6,21,17602.32399999999,,,
0_4_24-09-2013_10,0,4,10,0.0,,,
0_0_05-09-2013_20,0,0,20,1649.6559999999995,,,
0_5_10-09-2013_8,0,5,8,45.59400000000002,,,
0_6_30-09-2013_6,0,6,6,1536.8799999999994,,,
0_4_05-09-2013_22,0,4,22,0.0,,,
0_5_03-09-2013_20,0,5,20,0.0,,,
0_5_23-09-2013_2,0,5,2,65.66899999999998,,,
0_7_09-09-2013_9,0,7,9,2682.966999999999,,,
0_7_08-09-2013_6,0,7,6,11982.948999999995,,,
0_3_03-09-2013_19,0,3,19,3967.720999999997,,,
0_6_03-09-2013_3,0,6,3,12302.653999999995,,,
0_2_28-09-2013_12,0,2,12,129.63499999999996,,,
0_3_03-09-2013_15,0,3,15,2376.97,,,
0_3_19-09-2013_5,0,3,5,1873.362,,,
0_4_07-09-2013_12,0,4,12,0.0,,,
0_5_12-09-2013_12,0,5,12,37.108,,,
0_6_17-09-2013_11,0,6,11,18722.405,,,
0_5_30-09-2013_4,0,5,4,0.0,,,
0_7_12-09-2013_9,0,7,9,2051.561,,,
0_4_16-09-2013_0,0,4,0,0.0,,,
0_0_06-09-2013_23,0,0,23,3940.513,,,
0_3_28-09-2013_2,0,3,2,0.0,,,
0_0_05-09-2013_6,0,0,6,2159.5370000000003,,,
0_4_18-09-2013_19,0,4,19,0.0,,,
0_3_17-09-2013_10,0,3,10,3746.496000000001,,,
0_4_30-09-2013_2,0,4,2,0.0,,,
0_6_12-09-2013_2,0,6,2,5137.559999999999,,,
0_2_28-09-2013_7,0,2,7,129.33800000000002,,,
0_7_13-09-2013_0,0,7,0,2063.447,,,
0_7_08-09-2013_18,0,7,18,10163.179999999991,,,
0_3_29-09-2013_2,0,3,2,2018.0190000000007,,,
0_2_29-09-2013_11,0,2,11,7331.898000000001,,,
0_0_04-09-2013_1,0,0,1,166.69500000000005,,,
0_4_26-09-2013_15,0,4,15,0.0,,,
0_7_06-09-2013_17,0,7,17,1129.5230000000004,,,
0_6_28-09-2013_16,0,6,16,95.649,,,
0_5_07-09-2013_18,0,5,18,113.679,,,
0_3_22-09-2013_14,0,3,14,6567.990999999999,,,
0_4_21-09-2013_18,0,4,18,6233.385,,,
0_0_01-09-2013_15,0,0,15,9817.500000000002,,,
0_7_10-09-2013_0,0,7,0,2985.3840000000023,,,
0_3_08-09-2013_11,0,3,11,3873.924999999999,,,
0_7_03-09-2013_1,0,7,1,2935.496,,,
0_6_20-09-2013_0,0,6,0,18247.99499999999,,,
0_5_01-09-2013_10,0,5,10,0.0,,,
0_7_01-09-2013_20,0,7,20,17163.244999999995,,,
0_6_10-09-2013_2,0,6,2,11580.735,,,
0_4_26-09-2013_14,0,4,14,0.0,,,
0_5_05-09-2013_22,0,5,22,125.12000000000003,,,
0_7_02-09-2013_23,0,7,23,4174.678999999998,,,
0_5_13-09-2013_23,0,5,23,48.246,,,
0_3_08-09-2013_4,0,3,4,1601.853000000001,,,
0_6_28-09-2013_2,0,6,2,94.24,,,
0_6_12-09-2013_3,0,6,3,5070.776000000002,,,
0_3_02-09-2013_11,0,3,11,3469.159,,,
0_6_16-09-2013_8,0,6,8,20752.988,,,
0_6_19-09-2013_20,0,6,20,26874.98899999999,,,
0_4_29-09-2013_17,0,4,17,0.0,,,
0_4_24-09-2013_14,0,4,14,1424.159,,,
0_4_10-09-2013_20,0,4,20,0.0,,,
0_6_17-09-2013_2,0,6,2,4261.614000000001,,,
0_4_10-09-2013_17,0,4,17,862.2869999999999,,,
0_5_30-09-2013_1,0,5,1,0.0,,,
0_3_30-09-2013_15,0,3,15,1947.668,,,
0_2_26-09-2013_6,0,2,6,8086.279,,,
0_6_11-09-2013_18,0,6,18,15817.886999999999,,,
0_7_07-09-2013_18,0,7,18,10674.938000000002,,,
0_7_16-09-2013_1,0,7,1,3083.3009999999986,,,
0_7_12-09-2013_10,0,7,10,2118.072,,,
0_6_06-09-2013_10,0,6,10,2750.328999999999,,,
0_4_22-09-2013_11,0,4,11,0.0,,,
0_0_01-09-2013_8,0,0,8,9101.357999999997,,,
0_0_02-09-2013_7,0,0,7,2549.147000000001,,,
0_6_17-09-2013_23,0,6,23,14604.958,,,
0_4_09-09-2013_19,0,4,19,0.0,,,
0_6_08-09-2013_13,0,6,13,10953.722999999996,,,
0_6_27-09-2013_20,0,6,20,1951.781,,,
0_0_05-09-2013_12,0,0,12,1371.5739999999992,,,
0_0_03-09-2013_6,0,0,6,1711.5480000000002,,,
0_6_01-09-2013_11,0,6,11,19724.801999999992,,,
0_0_06-09-2013_19,0,0,19,4528.993000000001,,,
0_3_06-09-2013_2,0,3,2,1429.868,,,
0_7_03-09-2013_14,0,7,14,4625.743000000001,,,
0_4_05-09-2013_21,0,4,21,0.0,,,
0_0_04-09-2013_8,0,0,8,9231.719000000003,,,
0_6_15-09-2013_14,0,6,14,18550.015,,,
0_6_07-09-2013_15,0,6,15,9539.066,,,
0_5_13-09-2013_18,0,5,18,34.839,,,
0_6_27-09-2013_16,0,6,16,2635.226999999999,,,
0_4_23-09-2013_5,0,4,5,0.0,,,
0_4_16-09-2013_4,0,4,4,0.0,,,
0_2_28-09-2013_8,0,2,8,131.50199999999998,,,
0_6_13-09-2013_3,0,6,3,5175.361000000004,,,
0_0_02-09-2013_14,0,0,14,1586.7839999999999,,,
0_0_07-09-2013_18,0,0,18,1396.726,,,
0_5_15-09-2013_15,0,5,15,41.87000000000001,,,
0_4_10-09-2013_22,0,4,22,0.0,,,
0_6_13-09-2013_14,0,6,14,11179.827999999992,,,
0_6_05-09-2013_12,0,6,12,2347.9120000000003,,,
0_6_12-09-2013_0,0,6,0,5162.2819999999965,,,
0_6_17-09-2013_12,0,6,12,14631.98799999999,,,
0_0_04-09-2013_6,0,0,6,2429.832999999999,,,
0_4_09-09-2013_5,0,4,5,0.0,,,
0_4_13-09-2013_10,0,4,10,0.0,,,
0_7_07-09-2013_15,0,7,15,10669.489,,,
0_5_02-09-2013_22,0,5,22,76.51299999999998,,,
0_7_04-09-2013_22,0,7,22,13566.674,,,
0_6_28-09-2013_19,0,6,19,83.238,,,
0_6_08-09-2013_11,0,6,11,6883.496999999998,,,
0_3_03-09-2013_9,0,3,9,3803.823,,,
0_7_05-09-2013_19,0,7,19,2259.5019999999977,,,
0_0_02-09-2013_5,0,0,5,1556.8780000000006,,,
0_7_12-09-2013_0,0,7,0,3104.700000000001,,,
0_4_13-09-2013_8,0,4,8,0.0,,,
0_3_07-09-2013_8,0,3,8,2030.897,,,
0_5_07-09-2013_19,0,5,19,892.8129999999999,,,
0_6_29-09-2013_10,0,6,10,7690.018,,,
0_4_24-09-2013_3,0,4,3,0.0,,,
0_0_03-09-2013_9,0,0,9,9677.57,,,
0_4_13-09-2013_15,0,4,15,0.0,,,
0_7_12-09-2013_1,0,7,1,2982.028,,,
0_3_07-09-2013_3,0,3,3,6654.944999999999,,,
0_6_25-09-2013_23,0,6,23,8684.059999999998,,,
0_6_27-09-2013_19,0,6,19,7864.520999999999,,,
0_4_01-09-2013_7,0,4,7,0.0,,,
0_6_27-09-2013_21,0,6,21,8342.274000000003,,,
0_6_16-09-2013_0,0,6,0,5103.822000000002,,,
0_6_10-09-2013_9,0,6,9,8822.511999999999,,,
0_2_30-09-2013_0,0,2,0,524.5229999999998,,,
0_5_15-09-2013_10,0,5,10,30.569000000000003,,,
0_6_29-09-2013_11,0,6,11,16674.421999999995,,,
0_6_16-09-2013_5,0,6,5,10125.532,,,
0_6_03-09-2013_14,0,6,14,10432.089000000004,,,
0_6_16-09-2013_20,0,6,20,17889.295000000006,,,
0_2_26-09-2013_7,0,2,7,6862.9659999999985,,,
0_7_12-09-2013_2,0,7,2,3020.724000000001,,,
0_5_06-09-2013_1,0,5,1,8.916,,,
0_4_03-09-2013_9,0,4,9,0.0,,,
0_7_02-09-2013_2,0,7,2,1899.0560000000007,,,
0_6_08-09-2013_8,0,6,8,3906.265,,,
0_3_08-09-2013_18,0,3,18,6927.739999999998,,,
0_6_08-09-2013_14,0,6,14,10843.898000000001,,,
0_0_02-09-2013_2,0,0,2,1619.87,,,
0_3_19-09-2013_8,0,3,8,1850.326,,,
0_7_11-09-2013_23,0,7,23,3080.105000000003,,,
0_4_07-09-2013_17,0,4,17,0.0,,,
0_2_28-09-2013_16,0,2,16,130.39099999999996,,,
0_7_03-09-2013_18,0,7,18,7056.387000000002,,,
0_4_03-09-2013_2,0,4,2,0.0,,,
0_4_24-09-2013_5,0,4,5,0.0,,,
0_3_23-09-2013_18,0,3,18,4059.261,,,
0_6_23-09-2013_9,0,6,9,20538.078,,,
0_4_29-09-2013_19,0,4,19,0.0,,,
0_6_19-09-2013_23,0,6,23,4107.170999999999,,,
0_3_27-09-2013_22,0,3,22,0.0,,,
0_0_07-09-2013_2,0,0,2,1437.2379999999996,,,
0_3_05-09-2013_13,0,3,13,1273.6279999999995,,,
0_0_02-09-2013_20,0,0,20,10885.68,,,
0_7_12-09-2013_11,0,7,11,2028.144,,,
0_6_26-09-2013_16,0,6,16,14721.059000000005,,,
0_3_06-09-2013_0,0,3,0,1456.7800000000002,,,
0_5_08-09-2013_6,0,5,6,65.61200000000001,,,
0_2_27-09-2013_3,0,2,3,7638.981999999997,,,
0_5_15-09-2013_17,0,5,17,1269.8280000000002,,,
0_5_11-09-2013_0,0,5,0,34.88700000000001,,,
0_5_14-09-2013_9,0,5,9,34.493000000000016,,,
0_6_27-09-2013_17,0,6,17,7770.244000000002,,,
0_3_27-09-2013_11,0,3,11,3237.224000000001,,,
0_5_23-09-2013_8,0,5,8,39.303,,,
0_6_11-09-2013_23,0,6,23,5079.527999999998,,,
0_5_01-09-2013_20,0,5,20,37.668,,,
0_6_08-09-2013_10,0,6,10,3723.4260000000013,,,
0_3_23-09-2013_16,0,3,16,3805.7120000000014,,,
0_6_29-09-2013_1,0,6,1,3.266,,,
0_3_17-09-2013_9,0,3,9,3748.4979999999987,,,
0_3_04-09-2013_11,0,3,11,3824.5200000000013,,,
0_3_14-09-2013_12,0,3,12,1767.1620000000007,,,
0_7_04-09-2013_17,0,7,17,19240.376,,,
0_4_06-09-2013_2,0,4,2,0.0,,,
0_6_16-09-2013_4,0,6,4,5096.969000000003,,,
0_0_06-09-2013_11,0,0,11,1438.384999999999,,,
0_0_06-09-2013_8,0,0,8,1440.5680000000002,,,
0_0_01-09-2013_10,0,0,10,10083.375000000002,,,
0_4_20-09-2013_4,0,4,4,0.0,,,
0_5_10-09-2013_14,0,5,14,37.38500000000001,,,
0_5_14-09-2013_6,0,5,6,43.67400000000001,,,
0_6_03-09-2013_9,0,6,9,14391.445,,,
0_6_06-09-2013_7,0,6,7,11174.523999999998,,,
0_0_04-09-2013_14,0,0,14,1687.1970000000001,,,
0_6_22-09-2013_13,0,6,13,10405.544999999998,,,
0_5_03-09-2013_23,0,5,23,431.669,,,
0_5_17-09-2013_4,0,5,4,32.77500000000001,,,
0_4_17-09-2013_6,0,4,6,0.0,,,
0_4_15-09-2013_19,0,4,19,537.2769999999999,,,
0_0_06-09-2013_3,0,0,3,1463.3840000000002,,,
0_3_08-09-2013_16,0,3,16,6403.117999999999,,,
0_3_06-09-2013_12,0,3,12,1445.5229999999995,,,
0_4_09-09-2013_4,0,4,4,0.0,,,
0_5_30-09-2013_3,0,5,3,0.0,,,
0_0_04-09-2013_18,0,0,18,13842.836000000005,,,
0_4_18-09-2013_21,0,4,21,0.0,,,
0_7_15-09-2013_3,0,7,3,1776.1520000000005,,,
0_4_24-09-2013_8,0,4,8,5316.782000000002,,,
0_7_07-09-2013_2,0,7,2,10589.323999999997,,,
0_5_05-09-2013_21,0,5,21,124.506,,,
0_0_05-09-2013_16,0,0,16,1418.7479999999994,,,
0_7_05-09-2013_1,0,7,1,2354.5110000000022,,,
0_0_06-09-2013_14,0,0,14,1482.3779999999995,,,
0_6_09-09-2013_7,0,6,7,7385.041999999999,,,
0_4_30-09-2013_3,0,4,3,0.0,,,
0_5_30-09-2013_0,0,5,0,19.893,,,
0_6_25-09-2013_11,0,6,11,9171.104000000003,,,
0_3_17-09-2013_17,0,3,17,3587.628999999999,,,
0_2_27-09-2013_2,0,2,2,552.1310000000004,,,
0_5_01-09-2013_6,0,5,6,0.0,,,
0_5_01-09-2013_18,0,5,18,0.0,,,
0_6_04-09-2013_9,0,6,9,15352.357000000009,,,
0_6_04-09-2013_1,0,6,1,432.45300000000003,,,
0_6_11-09-2013_21,0,6,21,13692.118999999995,,,
0_6_22-09-2013_21,0,6,21,18033.767000000007,,,
0_4_07-09-2013_14,0,4,14,0.0,,,
0_6_27-09-2013_4,0,6,4,9159.346,,,
0_7_03-09-2013_19,0,7,19,6655.1510000000035,,,
0_7_15-09-2013_7,0,7,7,1856.8970000000006,,,
0_6_18-09-2013_13,0,6,13,13427.263999999996,,,
0_6_27-09-2013_23,0,6,23,98.829,,,
0_6_19-09-2013_2,0,6,2,9305.007000000003,,,
0_4_30-09-2013_6,0,4,6,0.0,,,
0_7_10-09-2013_2,0,7,2,10458.146,,,
0_4_01-09-2013_6,0,4,6,0.0,,,
0_6_11-09-2013_1,0,6,1,5194.326999999998,,,
0_3_25-09-2013_1,0,3,1,162.356,,,
0_3_14-09-2013_6,0,3,6,1846.025,,,
0_0_05-09-2013_10,0,0,10,1455.8929999999998,,,
0_5_01-09-2013_14,0,5,14,196.657,,,
0_7_06-09-2013_21,0,7,21,11493.175999999996,,,
0_6_16-09-2013_22,0,6,22,18789.02900000001,,,
0_5_03-09-2013_0,0,5,0,0.0,,,
0_0_01-09-2013_4,0,0,4,1663.9269999999995,,,
0_3_28-09-2013_19,0,3,19,0.0,,,
0_4_09-09-2013_9,0,4,9,0.0,,,
0_0_06-09-2013_6,0,0,6,1435.67,,,
0_7_15-09-2013_15,0,7,15,4566.988000000001,,,
0_6_19-09-2013_21,0,6,21,13105.636999999993,,,
0_4_15-09-2013_13,0,4,13,0.0,,,
0_2_28-09-2013_10,0,2,10,134.98299999999998,,,
0_7_05-09-2013_22,0,7,22,11358.872,,,
0_4_18-09-2013_14,0,4,14,0.0,,,
0_3_28-09-2013_23,0,3,23,0.0,,,
0_3_05-09-2013_14,0,3,14,972.491,,,
0_0_01-09-2013_2,0,0,2,1687.7049999999995,,,
0_7_15-09-2013_22,0,7,22,11948.449999999993,,,
0_7_08-09-2013_20,0,7,20,10790.049999999994,,,
0_3_23-09-2013_13,0,3,13,3772.784000000001,,,
0_6_08-09-2013_9,0,6,9,3722.8970000000013,,,
0_4_07-09-2013_13,0,4,13,0.0,,,
0_5_19-09-2013_19,0,5,19,686.9309999999998,,,
0_6_15-09-2013_23,0,6,23,17969.010999999995,,,
0_6_27-09-2013_18,0,6,18,11116.264999999996,,,
0_0_02-09-2013_16,0,0,16,9311.722000000002,,,
0_5_23-09-2013_6,0,5,6,65.943,,,
0_4_07-09-2013_19,0,4,19,0.0,,,
0_0_06-09-2013_5,0,0,5,1469.5380000000007,,,
0_6_05-09-2013_10,0,6,10,2504.1089999999995,,,
0_4_06-09-2013_1,0,4,1,0.0,,,
0_7_10-09-2013_3,0,7,3,3013.6670000000013,,,
0_0_03-09-2013_19,0,0,19,10617.936000000003,,,
0_6_11-09-2013_20,0,6,20,14875.120000000004,,,
0_6_17-09-2013_10,0,6,10,13887.193000000001,,,
0_4_09-09-2013_2,0,4,2,0.0,,,
0_0_01-09-2013_18,0,0,18,8840.512000000002,,,
0_3_17-09-2013_14,0,3,14,2302.2919999999995,,,
0_5_27-09-2013_20,0,5,20,30.86100000000001,,,
0_5_30-09-2013_7,0,5,7,0.0,,,
0_3_12-09-2013_2,0,3,2,2527.9040000000005,,,
0_6_24-09-2013_2,0,6,2,12695.544,,,
0_3_08-09-2013_0,0,3,0,1605.324000000001,,,
0_6_18-09-2013_12,0,6,12,14148.55700000001,,,
0_6_04-09-2013_10,0,6,10,15270.410999999998,,,
0_3_28-09-2013_3,0,3,3,0.0,,,
0_6_09-09-2013_23,0,6,23,5167.816000000002,,,
0_4_20-09-2013_11,0,4,11,0.0,,,
0_6_28-09-2013_3,0,6,3,95.975,,,
0_0_02-09-2013_19,0,0,19,9315.874000000002,,,
0_7_08-09-2013_23,0,7,23,2315.001,,,
0_6_05-09-2013_18,0,6,18,2443.236999999999,,,
0_5_05-09-2013_23,0,5,23,131.67000000000002,,,
0_4_26-09-2013_4,0,4,4,0.0,,,
0_7_12-09-2013_19,0,7,19,3516.5090000000005,,,
0_3_23-09-2013_19,0,3,19,8592.005,,,
0_7_05-09-2013_18,0,7,18,845.0020000000003,,,
0_4_28-09-2013_10,0,4,10,0.0,,,
0_5_04-09-2013_16,0,5,16,0.0,,,
0_3_08-09-2013_12,0,3,12,1550.6120000000005,,,
0_6_03-09-2013_23,0,6,23,5273.115000000003,,,
0_3_17-09-2013_18,0,3,18,3974.0779999999986,,,
0_7_15-09-2013_0,0,7,0,1818.1460000000009,,,
0_4_24-09-2013_13,0,4,13,1529.1840000000007,,,
0_0_01-09-2013_12,0,0,12,8924.803999999998,,,
0_6_06-09-2013_9,0,6,9,2627.796,,,
0_7_03-09-2013_20,0,7,20,5476.3870000000015,,,
0_6_01-09-2013_6,0,6,6,4199.064,,,
0_3_21-09-2013_17,0,3,17,530.9580000000001,,,
0_5_01-09-2013_12,0,5,12,378.27399999999983,,,
0_0_02-09-2013_11,0,0,11,9034.911000000002,,,
0_3_12-09-2013_0,0,3,0,2549.450999999999,,,
0_4_14-09-2013_13,0,4,13,0.0,,,
0_5_04-09-2013_15,0,5,15,0.0,,,
0_5_19-09-2013_17,0,5,17,46.36300000000002,,,
0_5_30-09-2013_2,0,5,2,0.0,,,
0_3_14-09-2013_4,0,3,4,1859.187,,,
0_7_09-09-2013_11,0,7,11,768.1139999999998,,,
0_6_05-09-2013_13,0,6,13,2419.673000000001,,,
0_6_09-09-2013_6,0,6,6,9949.068000000001,,,
0_5_03-09-2013_2,0,5,2,0.0,,,
0_5_30-09-2013_10,0,5,10,0.0,,,
0_0_06-09-2013_2,0,0,2,1391.37,,,
0_5_28-09-2013_0,0,5,0,0.0,,,
0_6_11-09-2013_4,0,6,4,5164.804000000001,,,
0_3_19-09-2013_11,0,3,11,3409.289000000001,,,
0_6_23-09-2013_11,0,6,11,14113.413,,,
0_6_28-09-2013_20,0,6,20,104.74799999999998,,,
0_2_29-09-2013_13,0,2,13,7514.426999999998,,,
0_5_02-09-2013_23,0,5,23,0.0,,,
0_6_03-09-2013_5,0,6,5,12293.637000000004,,,
0_0_03-09-2013_20,0,0,20,10616.862999999998,,,
0_6_04-09-2013_11,0,6,11,14498.026999999998,,,
0_6_27-09-2013_5,0,6,5,4184.019000000002,,,
0_3_07-09-2013_7,0,3,7,2022.711,,,
0_6_10-09-2013_8,0,6,8,12733.024000000005,,,
0_3_06-09-2013_7,0,3,7,6933.4990000000025,,,
0_2_27-09-2013_4,0,2,4,709.434,,,
0_6_30-09-2013_2,0,6,2,1559.736,,,
0_3_14-09-2013_9,0,3,9,3183.359000000001,,,
0_0_02-09-2013_0,0,0,0,1612.305,,,
0_7_04-09-2013_10,0,7,10,7504.416000000003,,,
0_4_03-09-2013_8,0,4,8,0.0,,,
0_0_03-09-2013_13,0,0,13,9247.532,,,
0_5_12-09-2013_5,0,5,5,31.04800000000001,,,
0_3_11-09-2013_23,0,3,23,2499.7129999999997,,,
0_4_28-09-2013_17,0,4,17,0.0,,,
0_3_07-09-2013_4,0,3,4,2064.6730000000007,,,
0_4_06-09-2013_3,0,4,3,0.0,,,
0_6_02-09-2013_18,0,6,18,18847.528,,,
0_6_06-09-2013_3,0,6,3,2732.18,,,
0_7_18-09-2013_17,0,7,17,5955.5329999999985,,,
0_6_10-09-2013_3,0,6,3,5258.290999999998,,,
0_7_09-09-2013_22,0,7,22,3000.860000000001,,,
0_6_18-09-2013_17,0,6,17,8394.28,,,
0_5_01-09-2013_8,0,5,8,0.0,,,
0_4_14-09-2013_19,0,4,19,0.0,,,
0_3_19-09-2013_14,0,3,14,3243.6990000000014,,,
0_7_13-09-2013_6,0,7,6,3232.1020000000017,,,
0_4_28-09-2013_5,0,4,5,0.0,,,
0_6_28-09-2013_5,0,6,5,96.35500000000003,,,
0_6_13-09-2013_1,0,6,1,467.339,,,
0_3_21-09-2013_21,0,3,21,1754.1769999999995,,,
0_6_09-09-2013_21,0,6,21,5179.234999999999,,,
0_0_04-09-2013_5,0,0,5,2616.5540000000005,,,
0_5_19-09-2013_18,0,5,18,37.85800000000001,,,
0_7_15-09-2013_4,0,7,4,1846.9700000000007,,,
0_7_04-09-2013_18,0,7,18,16918.29900000002,,,
0_7_05-09-2013_2,0,7,2,1871.3900000000006,,,
0_6_30-09-2013_8,0,6,8,11666.959000000004,,,
0_6_06-09-2013_14,0,6,14,2774.0460000000007,,,
0_6_30-09-2013_7,0,6,7,11066.765999999998,,,
0_5_10-09-2013_16,0,5,16,991.45,,,
0_7_09-09-2013_3,0,7,3,2170.1880000000006,,,
0_0_01-09-2013_6,0,0,6,1603.9590000000005,,,
0_7_18-09-2013_18,0,7,18,7070.631000000005,,,
0_5_23-09-2013_20,0,5,20,43.63200000000001,,,
0_0_01-09-2013_20,0,0,20,10210.899,,,
0_6_11-09-2013_17,0,6,17,21364.29,,,
0_5_05-09-2013_20,0,5,20,131.06200000000004,,,
0_6_18-09-2013_11,0,6,11,14080.146000000012,,,
0_3_25-09-2013_21,0,3,21,6901.656999999997,,,
0_4_09-09-2013_3,0,4,3,0.0,,,
0_0_07-09-2013_5,0,0,5,1368.4520000000002,,,
0_3_14-09-2013_15,0,3,15,1827.0270000000005,,,
0_0_06-09-2013_17,0,0,17,1391.3340000000005,,,
0_6_01-09-2013_7,0,6,7,14028.846999999994,,,
0_3_19-09-2013_9,0,3,9,1910.28,,,
0_7_17-09-2013_5,0,7,5,10787.556000000004,,,
0_7_17-09-2013_1,0,7,1,2018.1390000000006,,,
0_5_03-09-2013_1,0,5,1,0.0,,,
0_7_07-09-2013_0,0,7,0,12505.411999999995,,,
0_3_27-09-2013_4,0,3,4,1805.095,,,
0_5_14-09-2013_7,0,5,7,34.69700000000001,,,
0_6_27-09-2013_15,0,6,15,2749.7539999999995,,,
0_4_26-09-2013_6,0,4,6,0.0,,,
0_2_29-09-2013_23,0,2,23,532.145,,,
0_5_27-09-2013_14,0,5,14,45.834,,,
0_3_26-09-2013_2,0,3,2,1413.3750000000002,,,
0_6_25-09-2013_13,0,6,13,9773.104999999998,,,
0_0_01-09-2013_0,0,0,0,1708.013,,,
0_7_09-09-2013_6,0,7,6,5899.796999999998,,,
0_5_04-09-2013_21,0,5,21,891.1110000000003,,,
0_4_14-09-2013_21,0,4,21,0.0,,,
0_0_06-09-2013_1,0,0,1,141.09199999999996,,,
0_6_28-09-2013_0,0,6,0,98.594,,,
0_6_10-09-2013_0,0,6,0,5071.969999999998,,,
0_6_13-09-2013_7,0,6,7,14257.939999999993,,,
0_6_14-09-2013_10,0,6,10,9900.253000000004,,,
0_6_27-09-2013_6,0,6,6,15275.248999999998,,,
0_5_17-09-2013_10,0,5,10,39.266999999999996,,,
0_0_06-09-2013_15,0,0,15,1530.4410000000007,,,
0_3_24-09-2013_21,0,3,21,7467.309000000002,,,
0_3_19-09-2013_7,0,3,7,3616.050999999998,3524.4349999999986,3524.4349999999986,0.0
0_3_19-09-2013_7,0,3,7,3616.050999999998,3524.4349999999986,3524.4349999999986,0.0
0_7_07-09-2013_16,0,7,16,10351.786000000006,,,
0_6_14-09-2013_12,0,6,12,8864.002999999999,,,
0_7_10-09-2013_9,0,7,9,1692.5240000000013,,,
0_7_04-09-2013_19,0,7,19,15795.960999999996,,,
0_4_22-09-2013_8,0,4,8,0.0,,,
0_7_06-09-2013_20,0,7,20,12537.235000000004,,,
0_3_12-09-2013_3,0,3,3,2517.193,,,
0_7_05-09-2013_20,0,7,20,1239.996,,,
0_4_14-09-2013_15,0,4,15,0.0,,,
0_6_06-09-2013_8,0,6,8,2675.0090000000005,,,
0_6_24-09-2013_11,0,6,11,4205.584,,,
0_6_04-09-2013_2,0,6,2,4149.9150000000045,,,
0_4_14-09-2013_22,0,4,22,0.0,,,
0_3_23-09-2013_9,0,3,9,3782.135,,,
0_7_09-09-2013_5,0,7,5,2083.0339999999983,,,
0_5_13-09-2013_16,0,5,16,41.77,,,
0_3_14-09-2013_3,0,3,3,1788.9240000000007,,,
0_3_04-09-2013_14,0,3,14,2497.3979999999997,,,
0_6_08-09-2013_0,0,6,0,2880.740999999998,,,
0_6_17-09-2013_13,0,6,13,4796.343999999998,,,
0_6_06-09-2013_11,0,6,11,2698.745000000001,,,
0_3_25-09-2013_2,0,3,2,1870.264,,,
0_3_22-09-2013_6,0,3,6,3917.671000000001,,,
0_3_05-09-2013_0,0,3,0,1649.4680000000005,,,
0_7_16-09-2013_2,0,7,2,3065.143000000003,,,
0_0_03-09-2013_2,0,0,2,1676.5399999999993,,,
0_6_17-09-2013_22,0,6,22,15624.291000000001,,,
0_5_04-09-2013_13,0,5,13,0.0,,,
0_6_22-09-2013_10,0,6,10,17769.83,,,
0_0_07-09-2013_16,0,0,16,1850.0190000000007,,,
0_6_05-09-2013_15,0,6,15,2424.9770000000008,,,
0_4_09-09-2013_18,0,4,18,0.0,,,
0_3_12-09-2013_1,0,3,1,2461.2120000000004,,,
0_0_04-09-2013_0,0,0,0,1698.224,,,
0_4_26-09-2013_11,0,4,11,0.0,,,
0_0_07-09-2013_19,0,0,19,1927.1729999999998,,,
0_3_09-09-2013_8,0,3,8,2538.6059999999993,,,
0_3_07-09-2013_6,0,3,6,2031.0540000000005,,,
0_2_30-09-2013_18,0,2,18,6041.515,,,
0_7_01-09-2013_17,0,7,17,14157.461,,,
0_0_02-09-2013_1,0,0,1,1709.9520000000002,,,
0_7_08-09-2013_17,0,7,17,10057.388999999994,,,
0_7_15-09-2013_6,0,7,6,1816.2740000000006,,,
0_5_12-09-2013_9,0,5,9,51.82100000000001,,,
0_4_29-09-2013_18,0,4,18,0.0,,,
0_5_04-09-2013_19,0,5,19,914.75,,,
0_3_22-09-2013_13,0,3,13,2492.8570000000004,,,
0_0_07-09-2013_10,0,0,10,1397.7880000000007,,,
0_6_07-09-2013_20,0,6,20,7359.6500000000015,,,
0_0_05-09-2013_11,0,0,11,1382.3270000000007,,,
0_5_13-09-2013_14,0,5,14,37.26000000000001,,,
0_4_15-09-2013_21,0,4,21,0.0,,,
0_0_07-09-2013_0,0,0,0,2482.972,,,
0_2_28-09-2013_17,0,2,17,131.656,,,
0_4_09-09-2013_14,0,4,14,0.0,,,
0_5_13-09-2013_17,0,5,17,43.81200000000001,,,
0_5_01-09-2013_9,0,5,9,0.0,,,
0_7_17-09-2013_2,0,7,2,2002.4160000000006,,,
0_0_01-09-2013_19,0,0,19,9347.799,,,
0_7_07-09-2013_8,0,7,8,2217.1319999999987,,,
0_6_05-09-2013_17,0,6,17,2507.0170000000003,,,
0_4_21-09-2013_19,0,4,19,0.0,,,
0_6_10-09-2013_4,0,6,4,5263.044000000004,,,
0_3_07-09-2013_22,0,3,22,1522.1620000000012,,,
0_5_01-09-2013_21,0,5,21,19.834000000000003,,,
0_5_15-09-2013_9,0,5,9,46.51300000000002,,,
0_4_28-09-2013_3,0,4,3,0.0,,,
0_6_10-09-2013_6,0,6,6,12470.839999999995,,,
0_0_02-09-2013_12,0,0,12,9289.096,,,
0_5_28-09-2013_1,0,5,1,0.0,,,
0_4_22-09-2013_12,0,4,12,0.0,,,
0_5_23-09-2013_22,0,5,22,37.248000000000026,,,
0_0_01-09-2013_22,0,0,22,1614.1429999999998,,,
0_7_02-09-2013_22,0,7,22,4306.281999999998,,,
0_4_20-09-2013_13,0,4,13,0.0,,,
0_5_18-09-2013_2,0,5,2,94.262,,,
0_3_29-09-2013_19,0,3,19,8762.457000000004,,,
0_3_04-09-2013_13,0,3,13,2567.860000000001,,,
0_7_08-09-2013_0,0,7,0,1302.5440000000006,,,
0_0_03-09-2013_3,0,0,3,1643.5340000000006,,,
0_6_05-09-2013_16,0,6,16,2411.841999999999,,,
0_6_10-09-2013_12,0,6,12,12694.951999999996,,,
0_5_10-09-2013_19,0,5,19,39.20900000000001,,,
0_6_17-09-2013_0,0,6,0,9736.443999999998,,,
0_2_25-09-2013_0,0,2,0,536.4649999999998,,,
0_5_08-09-2013_9,0,5,9,65.71200000000002,,,
0_4_14-09-2013_23,0,4,23,0.0,,,
0_6_20-09-2013_4,0,6,4,5066.433999999998,,,
0_6_13-09-2013_8,0,6,8,14613.187999999993,,,
0_0_02-09-2013_13,0,0,13,10045.438999999997,,,
0_3_20-09-2013_13,0,3,13,1872.5679999999993,,,
0_3_25-09-2013_11,0,3,11,1905.493,,,
0_5_15-09-2013_8,0,5,8,41.74600000000001,,,
0_6_24-09-2013_5,0,6,5,5048.067,,,
0_0_01-09-2013_1,0,0,1,62.78699999999999,,,
0_7_09-09-2013_1,0,7,1,2188.006999999999,,,
0_3_02-09-2013_17,0,3,17,3087.405,,,
0_4_14-09-2013_11,0,4,11,0.0,,,
0_4_16-09-2013_15,0,4,15,0.0,,,
0_6_28-09-2013_22,0,6,22,95.43999999999996,,,
0_6_30-09-2013_10,0,6,10,5849.693000000001,,,
0_5_17-09-2013_23,0,5,23,87.167,,,
0_3_22-09-2013_10,0,3,10,7018.375,,,
0_6_22-09-2013_19,0,6,19,25736.347,,,
0_4_22-09-2013_5,0,4,5,0.0,,,
0_6_30-09-2013_9,0,6,9,11562.658000000005,,,
0_4_26-09-2013_9,0,4,9,0.0,,,
0_4_21-09-2013_17,0,4,17,28983.624000000003,,,
0_7_05-09-2013_12,0,7,12,840.5179999999997,,,
0_7_08-09-2013_2,0,7,2,1310.0460000000005,,,
0_5_05-09-2013_17,0,5,17,126.56,,,
0_6_13-09-2013_13,0,6,13,14048.003000000002,,,
0_6_19-09-2013_0,0,6,0,9013.964000000004,,,
0_7_12-09-2013_3,0,7,3,3052.186000000001,,,
0_4_18-09-2013_12,0,4,12,0.0,,,
0_6_28-09-2013_23,0,6,23,96.85799999999999,,,
0_7_16-09-2013_23,0,7,23,1926.3760000000007,,,
0_6_30-09-2013_4,0,6,4,1523.4309999999996,,,
0_6_26-09-2013_15,0,6,15,14174.667999999987,,,
0_6_17-09-2013_14,0,6,14,9918.746999999998,,,
0_0_07-09-2013_11,0,0,11,1527.649,,,
0_5_15-09-2013_20,0,5,20,167.30699999999996,,,
0_3_06-09-2013_4,0,3,4,7702.023,,,
0_4_22-09-2013_10,0,4,10,0.0,,,
0_6_03-09-2013_0,0,6,0,4996.511,,,
0_5_27-09-2013_21,0,5,21,28.66900000000001,,,
0_3_03-09-2013_3,0,3,3,7291.262999999997,,,
0_0_06-09-2013_13,0,0,13,1459.475,,,
0_6_19-09-2013_18,0,6,18,18669.635999999984,,,
0_5_03-09-2013_7,0,5,7,0.0,,,
0_6_14-09-2013_14,0,6,14,9544.187999999998,,,
0_6_14-09-2013_17,0,6,17,8976.910000000005,,,
0_4_26-09-2013_7,0,4,7,0.0,,,
0_5_15-09-2013_19,0,5,19,108.29399999999998,,,
0_7_05-09-2013_0,0,7,0,1751.3120000000001,,,
0_5_15-09-2013_18,0,5,18,706.2919999999997,,,
0_4_16-09-2013_13,0,4,13,0.0,,,
0_3_14-09-2013_2,0,3,2,1787.3920000000005,,,
0_4_19-09-2013_23,0,4,23,0.0,,,
0_5_05-09-2013_15,0,5,15,126.33200000000002,,,
0_3_17-09-2013_6,0,3,6,7929.953999999999,,,
0_6_07-09-2013_19,0,6,19,10118.210000000003,,,
0_5_08-09-2013_8,0,5,8,65.61200000000002,,,
0_2_29-09-2013_20,0,2,20,8235.96,,,
0_6_03-09-2013_6,0,6,6,12272.992999999995,,,
0_5_19-09-2013_22,0,5,22,41.881,,,
0_2_29-09-2013_21,0,2,21,9989.870000000006,,,
0_4_03-09-2013_19,0,4,19,1600.927,,,
0_7_08-09-2013_19,0,7,19,10243.492999999997,,,
0_6_13-09-2013_5,0,6,5,5094.560000000001,,,
0_7_12-09-2013_23,0,7,23,2076.2069999999994,,,
0_0_06-09-2013_4,0,0,4,1420.3659999999993,,,
0_7_15-09-2013_17,0,7,17,5300.217999999998,,,
0_3_06-09-2013_6,0,3,6,6474.269,,,
0_7_02-09-2013_19,0,7,19,14983.450999999995,,,
0_0_04-09-2013_4,0,0,4,1689.8129999999999,,,
0_4_18-09-2013_16,0,4,16,0.0,,,
0_4_29-09-2013_23,0,4,23,0.0,,,
0_3_23-09-2013_17,0,3,17,3775.623,,,
0_5_28-09-2013_2,0,5,2,0.0,,,
0_6_13-09-2013_2,0,6,2,12128.397000000004,,,
0_6_01-09-2013_13,0,6,13,15177.993,,,
0_4_11-09-2013_1,0,4,1,0.0,,,
0_2_28-09-2013_9,0,2,9,129.59699999999998,,,
0_6_17-09-2013_17,0,6,17,22894.916,,,
0_2_24-09-2013_23,0,2,23,552.9269999999998,,,
0_0_01-09-2013_9,0,0,9,9966.410000000003,,,
0_7_11-09-2013_21,0,7,21,5636.569,,,
0_6_10-09-2013_7,0,6,7,21358.982999999982,,,
0_6_18-09-2013_21,0,6,21,18157.880999999994,,,
0_6_02-09-2013_22,0,6,22,5942.7069999999985,,,
0_6_15-09-2013_22,0,6,22,12598.992999999995,,,
0_2_25-09-2013_5,0,2,5,542.332,,,
0_4_09-09-2013_0,0,4,0,0.0,,,
0_3_12-09-2013_5,0,3,5,2512.008,,,
0_6_14-09-2013_9,0,6,9,8845.264000000001,,,
0_0_07-09-2013_8,0,0,8,1395.5510000000006,,,
0_4_17-09-2013_7,0,4,7,0.0,,,
0_6_19-09-2013_1,0,6,1,4280.007999999999,,,
0_4_16-09-2013_12,0,4,12,0.0,,,
0_6_14-09-2013_16,0,6,16,4003.9240000000023,,,
0_5_27-09-2013_16,0,5,16,37.378,,,
0_5_15-09-2013_2,0,5,2,36.98,,,
0_6_16-09-2013_18,0,6,18,28888.98400000002,,,
0_6_05-09-2013_14,0,6,14,1816.457,,,
0_3_14-09-2013_13,0,3,13,1851.9950000000006,,,
0_4_01-09-2013_8,0,4,8,0.0,,,
0_4_23-09-2013_7,0,4,7,0.0,,,
0_4_16-09-2013_8,0,4,8,0.0,,,
0_4_03-09-2013_10,0,4,10,0.0,,,
0_0_03-09-2013_1,0,0,1,1737.6550000000007,,,
0_4_20-09-2013_3,0,4,3,0.0,,,
0_4_18-09-2013_15,0,4,15,0.0,,,
0_5_15-09-2013_22,0,5,22,461.88000000000017,,,
0_4_26-09-2013_8,0,4,8,0.0,,,
0_4_06-09-2013_0,0,4,0,0.0,,,
0_5_14-09-2013_22,0,5,22,44.299,,,
0_3_02-09-2013_16,0,3,16,3400.5270000000014,,,
0_6_05-09-2013_0,0,6,0,3484.787000000001,,,
0_3_23-09-2013_10,0,3,10,3852.371000000001,,,
0_0_02-09-2013_8,0,0,8,2599.922,,,
0_4_23-09-2013_4,0,4,4,0.0,,,
0_7_04-09-2013_20,0,7,20,14559.047999999995,,,
0_0_06-09-2013_20,0,0,20,4781.265999999998,,,
0_0_04-09-2013_2,0,0,2,1661.1649999999993,,,
0_4_05-09-2013_18,0,4,18,0.0,,,
0_0_03-09-2013_14,0,0,14,8270.045000000004,,,
0_3_06-09-2013_14,0,3,14,1508.7939999999999,,,
0_0_02-09-2013_6,0,0,6,2533.619000000001,,,
0_4_28-09-2013_18,0,4,18,0.0,,,
0_4_22-09-2013_6,0,4,6,0.0,,,
0_3_22-09-2013_8,0,3,8,8277.841,,,
0_4_16-09-2013_2,0,4,2,0.0,,,
0_5_15-09-2013_0,0,5,0,43.81200000000001,,,
0_4_28-09-2013_8,0,4,8,0.0,,,
0_0_07-09-2013_13,0,0,13,1391.8959999999993,,,
0_0_03-09-2013_4,0,0,4,1656.7380000000005,,,
0_7_10-09-2013_10,0,7,10,1705.4310000000012,,,
0_6_15-09-2013_13,0,6,13,13611.304999999995,,,
0_0_07-09-2013_4,0,0,4,1379.4379999999994,,,
0_5_13-09-2013_22,0,5,22,37.471,,,
0_7_07-09-2013_13,0,7,13,10592.926999999998,,,
0_6_20-09-2013_1,0,6,1,163.04799999999997,,,
0_6_09-09-2013_20,0,6,20,5176.495000000004,,,
0_6_19-09-2013_19,0,6,19,19770.716999999997,,,
0_3_07-09-2013_2,0,3,2,6791.9810000000025,,,
0_4_23-09-2013_8,0,4,8,0.0,,,
0_6_14-09-2013_19,0,6,19,3824.0269999999987,,,
0_6_18-09-2013_20,0,6,20,12374.295,,,
0_6_14-09-2013_15,0,6,15,9184.246,,,
0_3_21-09-2013_18,0,3,18,1876.9440000000006,,,
0_0_03-09-2013_11,0,0,11,8110.029999999999,,,
0_0_03-09-2013_7,0,0,7,9152.143,,,
0_7_10-09-2013_8,0,7,8,4454.504000000002,,,
0_6_25-09-2013_22,0,6,22,22494.06399999999,,,
0_3_04-09-2013_12,0,3,12,3766.187,,,
0_5_03-09-2013_5,0,5,5,0.0,,,
0_5_30-09-2013_11,0,5,11,0.0,,,
0_6_24-09-2013_4,0,6,4,18372.110000000004,,,
0_0_03-09-2013_10,0,0,10,7748.718000000003,,,
0_6_29-09-2013_7,0,6,7,15975.839000000005,,,
0_3_04-09-2013_18,0,3,18,8427.299999999997,,,
0_6_17-09-2013_19,0,6,19,28112.992000000002,,,
0_6_16-09-2013_2,0,6,2,10128.079,,,
0_0_06-09-2013_21,0,0,21,1539.0669999999993,,,
0_6_16-09-2013_7,0,6,7,20057.48300000001,,,
0_5_01-09-2013_16,0,5,16,184.855,,,
0_6_07-09-2013_17,0,6,17,10244.259999999998,,,
0_3_03-09-2013_14,0,3,14,2397.465,,,
0_3_09-09-2013_9,0,3,9,2270.239,,,
0_4_19-09-2013_2,0,4,2,0.0,,,
0_6_25-09-2013_18,0,6,18,10930.009000000004,,,
0_7_11-09-2013_18,0,7,18,7144.112000000003,,,
0_6_30-09-2013_11,0,6,11,5991.847999999997,,,
0_5_17-09-2013_6,0,5,6,43.136,,,
0_0_06-09-2013_10,0,0,10,1459.3370000000002,,,
0_0_05-09-2013_5,0,0,5,1470.9909999999998,,,
0_4_20-09-2013_2,0,4,2,0.0,,,
0_4_03-09-2013_7,0,4,7,0.0,,,
0_3_06-09-2013_13,0,3,13,1500.6729999999998,,,
0_5_15-09-2013_14,0,5,14,34.804,,,
0_4_26-09-2013_13,0,4,13,0.0,,,
0_7_07-09-2013_9,0,7,9,11317.202,,,
0_7_01-09-2013_21,0,7,21,15300.718999999996,,,
0_5_23-09-2013_7,0,5,7,67.77200000000002,,,
0_7_15-09-2013_8,0,7,8,4896.8290000000015,,,
0_4_15-09-2013_1,0,4,1,0.0,,,
0_6_24-09-2013_3,0,6,3,18849.751,,,
0_2_29-09-2013_12,0,2,12,7667.668999999997,,,
0_7_11-09-2013_22,0,7,22,6317.615999999997,,,
0_4_19-09-2013_3,0,4,3,0.0,,,
0_6_28-09-2013_21,0,6,21,98.76299999999999,,,
0_5_04-09-2013_17,0,5,17,0.0,,,
0_5_30-09-2013_5,0,5,5,0.0,,,
0_0_03-09-2013_22,0,0,22,2647.1800000000007,,,
0_6_13-09-2013_15,0,6,15,19491.463000000003,,,
0_5_15-09-2013_21,0,5,21,37.05500000000001,,,
0_5_15-09-2013_16,0,5,16,30.72400000000001,,,
0_3_28-09-2013_20,0,3,20,0.0,,,
0_5_15-09-2013_12,0,5,12,30.96500000000001,,,
0_3_04-09-2013_21,0,3,21,6459.127000000001,,,
0_7_07-09-2013_12,0,7,12,10574.439999999991,,,
0_6_03-09-2013_8,0,6,8,10771.566999999995,,,
0_6_28-09-2013_4,0,6,4,125.36699999999996,,,
0_7_07-09-2013_11,0,7,11,10088.634,,,
0_3_04-09-2013_19,0,3,19,8455.457999999995,,,
0_5_27-09-2013_13,0,5,13,43.38200000000001,,,
0_5_23-09-2013_3,0,5,3,75.95299999999997,,,
0_6_23-09-2013_8,0,6,8,13722.655999999995,,,
0_3_25-09-2013_23,0,3,23,3073.2289999999994,,,
0_6_16-09-2013_23,0,6,23,4668.713999999997,,,
0_6_13-09-2013_18,0,6,18,18778.682000000004,,,
0_3_03-09-2013_5,0,3,5,7149.062000000001,,,
0_4_18-09-2013_22,0,4,22,0.0,,,
0_3_22-09-2013_2,0,3,2,2424.385,,,
0_3_07-09-2013_1,0,3,1,6602.996000000001,,,
0_6_08-09-2013_6,0,6,6,11528.874999999995,,,
0_4_16-09-2013_3,0,4,3,0.0,,,
0_4_29-09-2013_16,0,4,16,0.0,,,
0_6_23-09-2013_10,0,6,10,18630.052000000007,,,
0_6_29-09-2013_6,0,6,6,10709.428000000002,,,
0_4_26-09-2013_10,0,4,10,0.0,,,
0_5_12-09-2013_7,0,5,7,41.414000000000016,,,
0_3_11-09-2013_22,0,3,22,4093.0740000000014,,,
0_2_28-09-2013_14,0,2,14,135.03000000000003,,,
0_4_22-09-2013_9,0,4,9,0.0,,,
0_5_12-09-2013_3,0,5,3,37.413,,,
0_3_24-09-2013_18,0,3,18,2255.844,,,
0_6_29-09-2013_4,0,6,4,3405.9109999999982,,,
0_6_25-09-2013_12,0,6,12,4153.909000000001,,,
0_6_13-09-2013_6,0,6,6,5192.973,,,
0_5_27-09-2013_19,0,5,19,37.202,,,
0_5_07-09-2013_15,0,5,15,1300.8939999999998,,,
0_3_20-09-2013_11,0,3,11,1879.779,,,
0_4_07-09-2013_10,0,4,10,0.0,,,
0_0_01-09-2013_14,0,0,14,9101.259000000002,,,
0_7_02-09-2013_1,0,7,1,1970.1229999999998,,,
0_5_13-09-2013_20,0,5,20,43.43600000000001,,,
0_3_22-09-2013_4,0,3,4,2387.948,,,
0_4_18-09-2013_13,0,4,13,0.0,,,
0_6_18-09-2013_18,0,6,18,15257.188999999995,,,
0_5_07-09-2013_22,0,5,22,125.45499999999998,,,
0_6_14-09-2013_13,0,6,13,4153.815,,,
0_4_24-09-2013_16,0,4,16,1412.3429999999994,,,
0_7_13-09-2013_5,0,7,5,3204.108000000001,,,
0_7_15-09-2013_5,0,7,5,1834.496,,,
0_3_22-09-2013_9,0,3,9,8261.089000000002,,,
0_0_02-09-2013_23,0,0,23,1655.23,,,
0_3_19-09-2013_4,0,3,4,1824.754,,,
0_7_16-09-2013_0,0,7,0,3081.8030000000012,,,
0_7_03-09-2013_22,0,7,22,15463.38,,,
0_3_02-09-2013_12,0,3,12,1910.372,,,
0_4_11-09-2013_0,0,4,0,0.0,,,
0_5_01-09-2013_11,0,5,11,943.543,,,
0_6_11-09-2013_2,0,6,2,5128.047999999996,,,
0_6_10-09-2013_13,0,6,13,12803.873999999994,,,
0_7_01-09-2013_18,0,7,18,13285.633,,,
0_0_03-09-2013_0,0,0,0,1622.554,,,
0_5_15-09-2013_1,0,5,1,2.218,,,
0_6_01-09-2013_9,0,6,9,13910.650999999993,,,
0_4_30-09-2013_1,0,4,1,0.0,,,
0_6_27-09-2013_8,0,6,8,13428.479000000007,,,
0_3_19-09-2013_12,0,3,12,3272.6279999999997,,,
0_5_13-09-2013_21,0,5,21,39.02400000000001,,,
0_4_24-09-2013_11,0,4,11,0.0,,,
0_5_04-09-2013_14,0,5,14,0.0,,,
0_3_02-09-2013_18,0,3,18,7261.677000000002,,,
0_6_02-09-2013_20,0,6,20,18763.332000000006,,,
0_5_14-09-2013_23,0,5,23,39.514,,,
0_6_16-09-2013_21,0,6,21,18646.781999999992,,,
0_2_28-09-2013_18,0,2,18,132.261,,,
0_4_24-09-2013_2,0,4,2,0.0,,,
0_4_20-09-2013_1,0,4,1,0.0,,,
0_6_05-09-2013_7,0,6,7,12767.13099999999,,,
0_2_28-09-2013_6,0,2,6,134.033,,,
0_5_23-09-2013_9,0,5,9,48.58000000000001,,,
0_0_01-09-2013_3,0,0,3,1624.9370000000013,,,
0_4_16-09-2013_16,0,4,16,0.0,,,
0_0_05-09-2013_2,0,0,2,1613.1200000000006,,,
0_0_04-09-2013_11,0,0,11,9092.266999999994,,,
0_6_15-09-2013_12,0,6,12,18350.14,,,
0_7_03-09-2013_21,0,7,21,14796.153,,,
0_6_13-09-2013_10,0,6,10,11410.930999999993,,,
0_6_01-09-2013_10,0,6,10,21556.830000000005,,,
0_5_13-09-2013_13,0,5,13,39.137000000000015,,,
0_4_18-09-2013_18,0,4,18,0.0,,,
0_7_04-09-2013_23,0,7,23,3283.1019999999994,,,
0_3_26-09-2013_1,0,3,1,1416.2090000000005,,,
0_0_04-09-2013_22,0,0,22,2036.004,,,
0_4_06-09-2013_5,0,4,5,0.0,,,
0_6_23-09-2013_16,0,6,16,14660.258,,,
0_6_22-09-2013_20,0,6,20,20974.293999999998,,,
0_6_28-09-2013_15,0,6,15,98.971,,,
0_6_08-09-2013_1,0,6,1,95.406,,,
0_4_13-09-2013_12,0,4,12,0.0,,,
0_3_22-09-2013_7,0,3,7,3983.596999999999,,,
0_5_03-09-2013_3,0,5,3,0.0,,,
0_3_22-09-2013_11,0,3,11,7926.309999999998,,,
0_6_05-09-2013_3,0,6,3,3633.1250000000014,,,
0_3_08-09-2013_15,0,3,15,6482.847000000002,,,
0_7_12-09-2013_18,0,7,18,3433.367000000001,,,
0_5_06-09-2013_2,0,5,2,131.55700000000002,,,
0_4_28-09-2013_2,0,4,2,0.0,,,
0_6_08-09-2013_7,0,6,7,10145.274000000003,,,
0_4_23-09-2013_6,0,4,6,0.0,,,
0_5_10-09-2013_11,0,5,11,30.60600000000001,,,
0_6_27-09-2013_22,0,6,22,96.459,,,
0_7_09-09-2013_8,0,7,8,3170.7340000000017,,,
0_6_18-09-2013_14,0,6,14,8475.327000000003,,,
0_6_18-09-2013_15,0,6,15,18070.318,,,
0_6_24-09-2013_7,0,6,7,17741.39500000002,,,
0_7_05-09-2013_21,0,7,21,825.2310000000003,,,
0_6_03-09-2013_12,0,6,12,13665.091999999995,,,
0_3_14-09-2013_11,0,3,11,1868.273,,,
0_5_17-09-2013_21,0,5,21,82.35799999999999,,,
0_6_14-09-2013_18,0,6,18,3970.571,,,
0_6_05-09-2013_4,0,6,4,3664.343000000001,,,
0_4_18-09-2013_17,0,4,17,0.0,,,
0_6_26-09-2013_18,0,6,18,14844.590999999993,,,
0_2_30-09-2013_16,0,2,16,7114.181999999999,,,
0_6_16-09-2013_1,0,6,1,5052.412000000002,,,
0_2_28-09-2013_15,0,2,15,136.675,,,
0_6_26-09-2013_19,0,6,19,19954.061,,,
0_0_05-09-2013_23,0,0,23,1423.8429999999996,,,
0_0_05-09-2013_19,0,0,19,4227.268999999997,,,
0_7_04-09-2013_21,0,7,21,12288.094999999998,,,
0_5_04-09-2013_20,0,5,20,753.855,,,
0_5_15-09-2013_5,0,5,5,41.24000000000001,,,
0_5_30-09-2013_9,0,5,9,0.0,,,
0_3_05-09-2013_15,0,3,15,1288.659,,,
0_6_23-09-2013_6,0,6,6,20370.548000000006,,,
0_4_19-09-2013_1,0,4,1,0.0,,,
0_6_13-09-2013_0,0,6,0,3514.8389999999995,,,
0_5_14-09-2013_8,0,5,8,46.11000000000002,,,
0_7_15-09-2013_23,0,7,23,12698.615,,,
0_3_03-09-2013_16,0,3,16,2373.138999999999,,,
0_3_17-09-2013_8,0,3,8,3765.605999999997,,,
0_5_23-09-2013_23,0,5,23,41.52500000000001,,,
0_7_11-09-2013_17,0,7,17,7090.878000000003,,,
0_3_19-09-2013_6,0,3,6,3225.493,,,
0_6_26-09-2013_17,0,6,17,14957.098999999998,,,
0_0_31-08-2013_23,0,0,23,1793.869,,,
0_3_25-09-2013_12,0,3,12,1888.3680000000006,,,
0_7_05-09-2013_14,0,7,14,674.9120000000001,,,
0_4_30-09-2013_5,0,4,5,0.0,,,
0_7_15-09-2013_1,0,7,1,72.737,,,
0_3_12-09-2013_6,0,3,6,3544.110999999999,,,
0_5_12-09-2013_8,0,5,8,44.01500000000002,,,
0_6_05-09-2013_6,0,6,6,6916.5999999999985,,,
0_6_18-09-2013_16,0,6,16,13274.405,,,
0_0_03-09-2013_23,0,0,23,2004.8749999999993,,,
0_0_06-09-2013_18,0,0,18,2399.359000000001,,,
0_3_22-09-2013_17,0,3,17,8232.668999999994,,,
0_3_25-09-2013_13,0,3,13,1905.517,,,
0_0_01-09-2013_5,0,0,5,1685.6899999999996,,,
0_3_28-09-2013_21,0,3,21,0.0,,,
0_6_02-09-2013_21,0,6,21,11618.204999999987,,,
0_7_09-09-2013_4,0,7,4,2351.703000000001,,,
0_3_04-09-2013_15,0,3,15,2508.664000000001,,,
0_7_12-09-2013_17,0,7,17,3332.9929999999977,,,
0_4_28-09-2013_19,0,4,19,0.0,,,
0_7_05-09-2013_17,0,7,17,871.5939999999998,,,
0_4_24-09-2013_4,0,4,4,0.0,,,
0_7_11-09-2013_20,0,7,20,12255.012,,,
0_6_17-09-2013_7,0,6,7,14324.408,,,
0_6_10-09-2013_11,0,6,11,7390.937999999999,,,
0_3_21-09-2013_19,0,3,19,1836.898,,,
0_4_15-09-2013_17,0,4,17,9183.302,,,
0_5_10-09-2013_12,0,5,12,35.29700000000001,,,
0_0_04-09-2013_17,0,0,17,9586.481000000002,,,
0_3_22-09-2013_16,0,3,16,8518.466999999999,,,
0_7_05-09-2013_11,0,7,11,875.2110000000004,,,
0_6_17-09-2013_8,0,6,8,20186.531999999974,,,
0_6_28-09-2013_14,0,6,14,96.81299999999999,,,
0_6_22-09-2013_15,0,6,15,10371.153000000004,,,
0_7_05-09-2013_16,0,7,16,857.5329999999997,,,
0_4_16-09-2013_6,0,4,6,0.0,,,
0_2_26-09-2013_8,0,2,8,591.0870000000002,,,
0_4_24-09-2013_7,0,4,7,0.0,,,
0_4_22-09-2013_13,0,4,13,0.0,,,
0_5_28-09-2013_3,0,5,3,0.0,,,
0_0_03-09-2013_5,0,0,5,1631.1839999999993,,,
0_3_29-09-2013_18,0,3,18,9188.023000000003,,,
0_6_26-09-2013_12,0,6,12,13204.161999999995,,,
0_0_03-09-2013_12,0,0,12,9062.666999999998,,,
0_6_25-09-2013_15,0,6,15,3998.3240000000014,,,
0_0_07-09-2013_12,0,0,12,1391.0519999999995,,,
0_6_25-09-2013_16,0,6,16,9181.142000000003,,,
0_6_01-09-2013_14,0,6,14,21936.278,,,
0_7_09-09-2013_7,0,7,7,3883.447000000001,,,
0_7_11-09-2013_19,0,7,19,14340.161999999995,,,
0_2_28-09-2013_11,0,2,11,135.36400000000003,,,
0_6_03-09-2013_2,0,6,2,12340.876000000006,,,
0_4_28-09-2013_9,0,4,9,0.0,,,
0_4_16-09-2013_7,0,4,7,0.0,,,
0_6_28-09-2013_1,0,6,1,94.415,,,
0_0_02-09-2013_9,0,0,9,1634.9379999999999,,,
0_7_15-09-2013_2,0,7,2,1845.7000000000005,,,
0_3_14-09-2013_8,0,3,8,3056.6419999999976,,,
0_0_05-09-2013_8,0,0,8,2369.764999999999,,,
0_6_23-09-2013_14,0,6,14,20497.469,,,
0_4_29-09-2013_22,0,4,22,0.0,,,
0_3_03-09-2013_10,0,3,10,2370.326,,,
0_6_03-09-2013_11,0,6,11,9323.374,,,
0_0_03-09-2013_17,0,0,17,9694.927,,,
0_7_10-09-2013_1,0,7,1,15300.770999999993,,,
0_6_11-09-2013_19,0,6,19,21309.369000000006,,,
0_6_29-09-2013_12,0,6,12,10652.433,,,
0_7_12-09-2013_22,0,7,22,2076.760999999999,,,
0_5_15-09-2013_7,0,5,7,37.19800000000001,,,
0_5_27-09-2013_22,0,5,22,0.0,,,
0_4_09-09-2013_13,0,4,13,0.0,,,
0_3_17-09-2013_15,0,3,15,3623.199,,,
0_0_02-09-2013_3,0,0,3,1675.8770000000004,,,
0_3_08-09-2013_3,0,3,3,1519.4010000000005,,,
0_0_04-09-2013_13,0,0,13,8548.674999999996,,,
0_3_02-09-2013_13,0,3,13,1872.9130000000007,,,
0_0_02-09-2013_4,0,0,4,1662.703999999999,,,
0_2_24-09-2013_21,0,2,21,7865.461999999998,,,
0_3_19-09-2013_10,0,3,10,3104.4869999999987,,,
0_6_03-09-2013_13,0,6,13,14745.481000000005,,,
0_3_07-09-2013_23,0,3,23,1536.9770000000005,,,
0_6_26-09-2013_13,0,6,13,19188.037,,,
0_6_05-09-2013_19,0,6,19,3579.57,,,
0_5_10-09-2013_10,0,5,10,41.105000000000025,,,
0_3_28-09-2013_4,0,3,4,0.0,,,
0_7_09-09-2013_23,0,7,23,3035.5779999999986,,,
0_6_22-09-2013_12,0,6,12,14403.832,,,
0_3_07-09-2013_5,0,3,5,2029.4360000000001,,,
0_6_23-09-2013_7,0,6,7,19706.263999999985,,,
0_7_15-09-2013_21,0,7,21,6520.163000000001,,,
0_6_20-09-2013_5,0,6,5,10204.633000000003,,,
0_3_09-09-2013_7,0,3,7,2717.7109999999993,,,
0_3_29-09-2013_1,0,3,1,0.0,,,
0_4_09-09-2013_8,0,4,8,0.0,,,
0_3_03-09-2013_18,0,3,18,3840.174999999999,,,
0_7_15-09-2013_14,0,7,14,4477.177000000003,,,
0_4_14-09-2013_10,0,4,10,0.0,,,
0_4_14-09-2013_20,0,4,20,0.0,,,
0_5_19-09-2013_16,0,5,16,37.17,,,
0_5_15-09-2013_4,0,5,4,43.496000000000016,,,
0_4_24-09-2013_12,0,4,12,1590.5150000000006,,,
0_4_10-09-2013_14,0,4,14,0.0,,,
0_4_30-09-2013_0,0,4,0,0.0,,,
0_6_02-09-2013_23,0,6,23,5732.9029999999975,,,
0_0_03-09-2013_8,0,0,8,10435.368,,,
0_2_25-09-2013_3,0,2,3,533.2280000000002,,,
0_7_14-09-2013_23,0,7,23,1829.773,,,
0_7_15-09-2013_18,0,7,18,5678.8830000000025,,,
0_5_06-09-2013_0,0,5,0,130.261,,,
0_6_03-09-2013_1,0,6,1,5169.407000000003,,,
0_3_23-09-2013_11,0,3,11,3642.842999999999,,,
0_0_06-09-2013_22,0,0,22,1502.9990000000007,,,
0_3_25-09-2013_0,0,3,0,1897.8720000000005,,,
0_6_16-09-2013_19,0,6,19,22287.687999999976,,,
0_6_08-09-2013_12,0,6,12,2809.8249999999994,,,
0_2_30-09-2013_17,0,2,17,6750.852000000001,,,
0_4_14-09-2013_16,0,4,16,0.0,,,
0_4_19-09-2013_20,0,4,20,1396.0800000000006,,,
0_4_07-09-2013_16,0,4,16,0.0,,,
0_4_19-09-2013_22,0,4,22,0.0,,,
0_6_29-09-2013_2,0,6,2,3565.390000000001,,,
0_3_03-09-2013_17,0,3,17,3733.679,,,
0_4_24-09-2013_6,0,4,6,0.0,,,
0_5_27-09-2013_23,0,5,23,0.0,,,
0_4_15-09-2013_18,0,4,18,5035.027999999998,,,
0_4_13-09-2013_16,0,4,16,0.0,,,
0_3_04-09-2013_22,0,3,22,8115.5999999999985,,,
0_6_06-09-2013_2,0,6,2,2719.143,,,
0_6_30-09-2013_3,0,6,3,1511.9079999999994,,,
0_3_17-09-2013_11,0,3,11,3567.295999999999,,,
0_4_01-09-2013_5,0,4,5,0.0,,,
0_6_11-09-2013_3,0,6,3,5195.083999999997,,,
0_0_06-09-2013_16,0,0,16,1476.1480000000006,,,
0_3_22-09-2013_1,0,3,1,444.99700000000007,,,
0_5_02-09-2013_21,0,5,21,711.47,,,
0_7_09-09-2013_10,0,7,10,1568.861,,,
0_3_28-09-2013_1,0,3,1,0.0,,,
0_6_05-09-2013_9,0,6,9,2501.009000000001,,,
0_0_04-09-2013_12,0,0,12,9529.329999999996,,,
0_0_07-09-2013_7,0,0,7,1354.6280000000004,,,
0_4_15-09-2013_12,0,4,12,0.0,,,
0_6_13-09-2013_17,0,6,17,19856.80199999998,,,
0_3_08-09-2013_20,0,3,20,6923.870999999999,,,
0_7_06-09-2013_23,0,7,23,13642.191000000004,,,
0_5_10-09-2013_22,0,5,22,37.458,,,
0_2_27-09-2013_5,0,2,5,549.8119999999999,,,
0_7_17-09-2013_4,0,7,4,1934.6880000000021,,,
0_7_05-09-2013_3,0,7,3,1828.4990000000007,,,
0_3_17-09-2013_16,0,3,16,3598.7010000000005,,,
0_4_09-09-2013_16,0,4,16,0.0,,,
0_4_10-09-2013_13,0,4,13,0.0,,,
0_4_19-09-2013_21,0,4,21,1486.3880000000006,,,
0_2_24-09-2013_22,0,2,22,7284.008999999997,,,
0_7_08-09-2013_21,0,7,21,10195.137999999997,,,
0_2_29-09-2013_22,0,2,22,8081.015999999995,,,
0_6_15-09-2013_11,0,6,11,19024.501000000004,,,
0_6_22-09-2013_22,0,6,22,14087.488,,,
0_6_20-09-2013_3,0,6,3,10338.288,,,
0_3_08-09-2013_5,0,3,5,6641.208999999999,,,
0_6_17-09-2013_16,0,6,16,11104.053999999998,,,
0_2_27-09-2013_1,0,2,1,525.6780000000001,,,
0_7_06-09-2013_18,0,7,18,11952.075,,,
0_6_06-09-2013_5,0,6,5,10199.726999999999,,,
0_0_01-09-2013_17,0,0,17,9094.616999999997,,,
0_4_18-09-2013_23,0,4,23,0.0,,,
0_7_08-09-2013_4,0,7,4,1447.9019999999994,,,
0_6_11-09-2013_22,0,6,22,15243.256,,,
0_7_06-09-2013_16,0,7,16,1165.4730000000004,,,
0_3_22-09-2013_12,0,3,12,3772.282,,,
0_5_12-09-2013_2,0,5,2,34.714,,,
0_5_01-09-2013_15,0,5,15,0.0,,,
0_7_13-09-2013_8,0,7,8,5876.118000000002,,,
0_3_27-09-2013_6,0,3,6,1911.041,,,
0_6_17-09-2013_20,0,6,20,22951.5,,,
0_7_09-09-2013_2,0,7,2,2114.1849999999986,,,
0_3_17-09-2013_12,0,3,12,3689.692999999999,,,
0_4_28-09-2013_11,0,4,11,0.0,,,
0_7_06-09-2013_19,0,7,19,12276.428000000002,,,
0_4_09-09-2013_6,0,4,6,0.0,,,
0_3_07-09-2013_9,0,3,9,7134.610000000002,,,
0_5_03-09-2013_4,0,5,4,0.0,,,
0_5_10-09-2013_13,0,5,13,36.69500000000001,,,
0_6_16-09-2013_16,0,6,16,15146.262000000008,,,
0_7_18-09-2013_19,0,7,19,5067.580000000003,,,
0_6_03-09-2013_4,0,6,4,12026.545000000006,,,
0_5_07-09-2013_16,0,5,16,778.7000000000003,,,
0_4_10-09-2013_19,0,4,19,0.0,,,
0_4_03-09-2013_12,0,4,12,0.0,,,
0_3_27-09-2013_14,0,3,14,1407.7460000000005,,,
0_7_01-09-2013_19,0,7,19,15435.505999999996,,,
0_7_17-09-2013_6,0,7,6,12616.66899999999,,,
0_7_12-09-2013_16,0,7,16,3506.1089999999995,,,
0_4_15-09-2013_16,0,4,16,0.0,,,
0_6_05-09-2013_5,0,6,5,3598.441000000001,,,
0_3_11-09-2013_19,0,3,19,9094.912000000002,,,
0_4_10-09-2013_23,0,4,23,0.0,,,
0_6_05-09-2013_1,0,6,1,4659.616999999998,,,
0_0_02-09-2013_21,0,0,21,9195.358999999997,,,
0_7_15-09-2013_19,0,7,19,1770.3480000000009,,,
0_5_19-09-2013_23,0,5,23,39.303000000000004,,,
0_5_29-09-2013_22,0,5,22,42.068999999999996,,,
0_4_13-09-2013_9,0,4,9,0.0,,,
0_6_09-09-2013_19,0,6,19,14096.205999999998,,,
0_7_02-09-2013_0,0,7,0,1985.519000000001,,,
0_5_27-09-2013_17,0,5,17,42.027,,,
0_4_09-09-2013_1,0,4,1,0.0,,,
0_0_31-08-2013_22,0,0,22,1713.5730000000005,,,
0_6_06-09-2013_4,0,6,4,12313.17200000001,,,
0_7_05-09-2013_4,0,7,4,2071.469,,,
0_3_14-09-2013_7,0,3,7,3247.679000000001,,,
0_6_17-09-2013_9,0,6,9,19193.574000000008,,,
0_5_23-09-2013_12,0,5,12,337.727,,,
0_2_27-09-2013_6,0,2,6,8214.797999999997,,,
0_0_01-09-2013_7,0,0,7,10293.570999999994,,,
0_5_04-09-2013_12,0,5,12,0.0,,,
0_7_17-09-2013_3,0,7,3,1984.9980000000012,,,
0_4_29-09-2013_21,0,4,21,0.0,,,
0_0_03-09-2013_21,0,0,21,2652.5290000000005,,,
0_4_09-09-2013_17,0,4,17,0.0,,,
0_3_27-09-2013_9,0,3,9,2489.474,,,
0_3_04-09-2013_16,0,3,16,2532.899000000001,,,
0_6_03-09-2013_10,0,6,10,9101.481999999998,,,
0_4_15-09-2013_20,0,4,20,971.2280000000001,,,
0_4_01-09-2013_3,0,4,3,0.0,,,
0_3_24-09-2013_17,0,3,17,1871.016,,,
0_3_25-09-2013_10,0,3,10,1823.5080000000007,,,
0_6_22-09-2013_23,0,6,23,18545.54400000001,,,
0_7_02-09-2013_21,0,7,21,4516.014,,,
0_0_07-09-2013_17,0,0,17,2034.8229999999999,,,
0_6_05-09-2013_2,0,6,2,3822.2740000000013,,,
0_4_15-09-2013_23,0,4,23,0.0,,,
0_5_19-09-2013_21,0,5,21,222.91900000000004,,,
0_3_21-09-2013_20,0,3,20,1906.858,,,
0_6_30-09-2013_5,0,6,5,1631.9540000000006,,,
0_6_03-09-2013_7,0,6,7,21191.203,,,
0_6_06-09-2013_12,0,6,12,2641.0369999999994,,,
0_6_18-09-2013_23,0,6,23,17455.863000000005,,,
0_0_05-09-2013_1,0,0,1,1857.4749999999995,,,
0_4_18-09-2013_20,0,4,20,0.0,,,
0_4_20-09-2013_5,0,4,5,0.0,,,
0_0_06-09-2013_0,0,0,0,1415.3259999999998,,,
0_5_15-09-2013_13,0,5,13,37.163,,,
0_5_03-09-2013_6,0,5,6,0.0,,,
0_4_19-09-2013_0,0,4,0,0.0,,,
0_6_10-09-2013_1,0,6,1,15823.274,,,
0_0_04-09-2013_10,0,0,10,9523.836000000003,,,
0_4_24-09-2013_1,0,4,1,0.0,,,
0_3_24-09-2013_16,0,3,16,483.816,,,
0_5_03-09-2013_22,0,5,22,0.0,,,
0_5_03-09-2013_21,0,5,21,237.00400000000002,,,
0_3_17-09-2013_13,0,3,13,2291.1120000000005,,,
0_3_20-09-2013_12,0,3,12,3188.695,,,
0_5_17-09-2013_8,0,5,8,41.11300000000001,,,
0_5_19-09-2013_20,0,5,20,613.172,,,
0_6_24-09-2013_6,0,6,6,10199.532999999998,,,
0_5_01-09-2013_22,0,5,22,24.318000000000005,,,
0_6_27-09-2013_3,0,6,3,17817.916000000005,,,
0_3_14-09-2013_5,0,3,5,1877.82,,,
0_4_29-09-2013_20,0,4,20,0.0,,,
0_5_12-09-2013_11,0,5,11,32.547000000000004,,,
0_5_17-09-2013_22,0,5,22,76.39699999999999,,,
0_0_05-09-2013_0,0,0,0,1469.3069999999998,,,
0_3_02-09-2013_10,0,3,10,1925.655,,,
0_6_23-09-2013_13,0,6,13,14449.236999999996,,,
0_3_27-09-2013_12,0,3,12,1450.8869999999995,,,
0_6_09-09-2013_22,0,6,22,5143.397000000001,,,
0_4_28-09-2013_7,0,4,7,0.0,,,
0_6_08-09-2013_3,0,6,3,2817.2390000000005,,,
0_5_29-09-2013_21,0,5,21,33.238,,,
0_0_04-09-2013_21,0,0,21,7255.9890000000005,,,
0_7_03-09-2013_5,0,7,5,11386.553999999998,,,
0_3_29-09-2013_3,0,3,3,1977.8540000000007,,,
0_5_17-09-2013_7,0,5,7,43.733,,,
0_4_24-09-2013_9,0,4,9,1340.3820000000005,,,
0_5_03-09-2013_8,0,5,8,0.0,,,
0_4_09-09-2013_12,0,4,12,0.0,,,
0_7_04-09-2013_0,0,7,0,2041.684,,,
0_3_06-09-2013_5,0,3,5,6413.825,,,
0_6_29-09-2013_13,0,6,13,15846.098000000005,,,
0_6_04-09-2013_0,0,6,0,4099.151000000002,,,
0_3_26-09-2013_0,0,3,0,1382.175,,,
0_5_10-09-2013_17,0,5,17,158.23600000000005,,,
0_0_04-09-2013_3,0,0,3,1719.3199999999986,,,
0_3_23-09-2013_8,0,3,8,3824.295,,,
0_6_13-09-2013_9,0,6,9,14844.817,,,
0_3_24-09-2013_19,0,3,19,2178.963999999999,,,
0_5_18-09-2013_0,0,5,0,78.398,,,
0_6_16-09-2013_17,0,6,17,16396.063000000006,,,
0_5_15-09-2013_3,0,5,3,43.818000000000005,,,
0_6_23-09-2013_15,0,6,15,19589.194000000007,,,
0_6_04-09-2013_4,0,6,4,5247.839999999998,,,
0_6_22-09-2013_14,0,6,14,11419.237000000005,,,
0_5_23-09-2013_4,0,5,4,63.502,,,
0_6_13-09-2013_16,0,6,16,14581.764,,,
0_6_06-09-2013_6,0,6,6,10293.244000000008,,,
0_0_04-09-2013_7,0,0,7,9672.487000000003,,,
0_3_27-09-2013_10,0,3,10,1877.3790000000006,,,
0_3_08-09-2013_19,0,3,19,6677.316999999999,,,
0_3_19-09-2013_13,0,3,13,3201.9769999999994,,,
0_0_01-09-2013_21,0,0,21,2622.7690000000002,,,
0_7_04-09-2013_12,0,7,12,5659.832000000002,,,
0_7_08-09-2013_7,0,7,7,9851.279,,,
0_3_30-09-2013_14,0,3,14,1812.206,,,
0_4_14-09-2013_14,0,4,14,0.0,,,
0_7_12-09-2013_21,0,7,21,2059.486,,,
0_6_09-09-2013_8,0,6,8,10180.438000000002,,,
0_7_07-09-2013_17,0,7,17,10924.319000000009,,,
0_0_04-09-2013_20,0,0,20,9448.27,,,
0_5_12-09-2013_4,0,5,4,41.80900000000001,,,
0_6_27-09-2013_7,0,6,7,18080.23199999999,,,
0_0_04-09-2013_23,0,0,23,1997.388,,,
0_3_02-09-2013_15,0,3,15,1882.1960000000001,,,
0_5_01-09-2013_17,0,5,17,189.926,,,
0_6_14-09-2013_20,0,6,20,8909.893,,,
0_4_03-09-2013_3,0,4,3,0.0,,,
0_3_02-09-2013_9,0,3,9,1894.7939999999992,,,
0_4_15-09-2013_15,0,4,15,0.0,,,
0_4_16-09-2013_11,0,4,11,0.0,,,
0_3_04-09-2013_23,0,3,23,2426.976,,,
0_3_29-09-2013_0,0,3,0,0.0,,,
0_5_15-09-2013_11,0,5,11,32.691,,,
0_7_03-09-2013_0,0,7,0,2914.979000000001,,,
0_2_25-09-2013_4,0,2,4,840.115,,,
0_7_15-09-2013_16,0,7,16,5836.168000000005,,,
0_6_25-09-2013_17,0,6,17,4015.648000000001,,,
0_7_17-09-2013_8,0,7,8,5914.659000000002,,,
0_3_24-09-2013_23,0,3,23,1941.309,,,
0_7_10-09-2013_4,0,7,4,3285.5330000000013,,,
0_7_03-09-2013_15,0,7,15,4221.105000000001,,,
0_6_04-09-2013_3,0,6,3,12381.477000000008,,,
0_7_08-09-2013_5,0,7,5,10313.563999999991,,,
0_6_03-09-2013_15,0,6,15,10136.629000000004,,,
0_4_05-09-2013_17,0,4,17,0.0,,,
0_3_29-09-2013_20,0,3,20,6251.6240000000025,,,
0_5_27-09-2013_18,0,5,18,39.614,,,
0_6_29-09-2013_3,0,6,3,8924.076,,,
0_4_03-09-2013_21,0,4,21,1823.967,,,
0_2_27-09-2013_7,0,2,7,6614.998999999998,,,
0_4_13-09-2013_13,0,4,13,0.0,,,
0_4_05-09-2013_20,0,4,20,0.0,,,
0_0_06-09-2013_12,0,0,12,1405.020999999999,,,
0_6_22-09-2013_16,0,6,16,21622.796999999995,,,
0_6_19-09-2013_22,0,6,22,10445.453999999996,,,
0_3_27-09-2013_5,0,3,5,1923.6779999999994,,,
0_7_02-09-2013_3,0,7,3,1946.5340000000006,,,
0_4_03-09-2013_1,0,4,1,0.0,,,
0_6_25-09-2013_21,0,6,21,16990.016999999996,,,
0_6_19-09-2013_3,0,6,3,4071.304999999999,,,
0_5_23-09-2013_21,0,5,21,48.041,,,
0_2_26-09-2013_10,0,2,10,595.5639999999999,,,
0_6_22-09-2013_18,0,6,18,17344.797,,,
0_4_03-09-2013_6,0,4,6,0.0,,,
0_3_27-09-2013_8,0,3,8,3422.824,,,
0_7_09-09-2013_21,0,7,21,3035.8499999999995,,,
0_6_12-09-2013_1,0,6,1,5049.469000000002,,,
0_7_09-09-2013_0,0,7,0,2113.689999999999,,,
0_0_02-09-2013_10,0,0,10,9160.085,,,
0_4_17-09-2013_5,0,4,5,0.0,,,
0_2_29-09-2013_19,0,2,19,13665.243999999995,,,
0_6_10-09-2013_5,0,6,5,5138.021000000002,,,
0_3_23-09-2013_14,0,3,14,3888.722000000001,,,
0_5_04-09-2013_18,0,5,18,2255.9410000000003,,,
0_0_01-09-2013_16,0,0,16,10445.516000000003,,,
0_4_30-09-2013_4,0,4,4,0.0,,,
0_0_04-09-2013_15,0,0,15,8714.845,,,
0_4_15-09-2013_14,0,4,14,0.0,,,
0_7_04-09-2013_1,0,7,1,206.769,,,
0_6_06-09-2013_15,0,6,15,2823.9619999999995,,,
0_0_07-09-2013_15,0,0,15,1476.7930000000006,,,
0_6_06-09-2013_13,0,6,13,2779.969,,,
0_0_01-09-2013_23,0,0,23,1700.6479999999995,,,
0_3_27-09-2013_23,0,3,23,0.0,,,
0_4_13-09-2013_14,0,4,14,0.0,,,
0_6_25-09-2013_20,0,6,20,17810.638,,,
0_0_02-09-2013_22,0,0,22,1902.231,,,
0_2_30-09-2013_15,0,2,15,6996.246000000001,,,
0_7_17-09-2013_10,0,7,10,5749.345999999998,,,
0_6_17-09-2013_21,0,6,21,18041.01599999999,,,
0_6_18-09-2013_19,0,6,19,7376.831999999998,,,
0_5_07-09-2013_17,0,5,17,905.9740000000003,,,
0_6_18-09-2013_22,0,6,22,12879.77100000001,,,
0_4_09-09-2013_10,0,4,10,0.0,,,
0_7_03-09-2013_3,0,7,3,11340.902000000006,,,
0_6_10-09-2013_10,0,6,10,8773.027999999998,,,
0_0_06-09-2013_9,0,0,9,1422.664,,,
0_5_05-09-2013_16,0,5,16,130.088,,,
0_4_07-09-2013_15,0,4,15,0.0,,,
0_3_22-09-2013_0,0,3,0,2371.4590000000007,,,
0_3_21-09-2013_23,0,3,23,2467.799,,,
0_3_14-09-2013_14,0,3,14,1842.4340000000007,,,
0_3_22-09-2013_15,0,3,15,3911.7709999999997,,,
0_7_10-09-2013_5,0,7,5,3099.552000000002,,,
0_6_17-09-2013_18,0,6,18,63488.38999999997,,,
0_0_03-09-2013_16,0,0,16,8637.932999999997,,,
0_3_12-09-2013_4,0,3,4,2521.773000000001,,,
0_5_13-09-2013_12,0,5,12,43.97200000000001,,,
0_6_29-09-2013_5,0,6,5,9635.590999999997,,,
0_6_07-09-2013_16,0,6,16,9855.123999999998,,,
0_0_07-09-2013_6,0,0,6,1386.737,,,
0_3_28-09-2013_22,0,3,22,0.0,,,
0_5_23-09-2013_11,0,5,11,251.00500000000008,,,
0_0_03-09-2013_18,0,0,18,11718.767000000005,,,
0_3_08-09-2013_21,0,3,21,6571.6439999999975,,,
0_6_03-09-2013_20,0,6,20,17158.994,,,
0_6_24-09-2013_1,0,6,1,17684.773,,,
0_4_01-09-2013_4,0,4,4,0.0,,,
0_5_10-09-2013_20,0,5,20,50.475000000000016,,,
0_4_14-09-2013_12,0,4,12,0.0,,,
0_0_05-09-2013_13,0,0,13,1444.7919999999995,,,
0_5_10-09-2013_23,0,5,23,39.56200000000001,,,
0_6_02-09-2013_19,0,6,19,18563.791,,,
0_6_01-09-2013_4,0,6,4,4486.268000000001,,,
0_6_29-09-2013_8,0,6,8,15498.645999999995,,,
0_4_21-09-2013_20,0,4,20,1288.4139999999998,,,
0_4_05-09-2013_23,0,4,23,0.0,,,
0_4_26-09-2013_5,0,4,5,0.0,,,
0_6_17-09-2013_1,0,6,1,9185.076999999996,,,
0_5_19-09-2013_15,0,5,15,46.06000000000002,,,
0_6_03-09-2013_16,0,6,16,10217.758,,,
0_5_10-09-2013_15,0,5,15,41.858,,,
0_6_01-09-2013_8,0,6,8,13513.705000000002,,,
0_4_07-09-2013_18,0,4,18,0.0,,,
0_5_27-09-2013_15,0,5,15,39.39,,,
0_6_27-09-2013_14,0,6,14,7878.626000000001,,,
0_0_05-09-2013_3,0,0,3,1507.6170000000006,,,
0_4_23-09-2013_9,0,4,9,0.0,,,
0_5_01-09-2013_13,0,5,13,198.00099999999998,,,
0_4_05-09-2013_19,0,4,19,0.0,,,
0_0_05-09-2013_9,0,0,9,1462.2830000000006,,,
