{
    "$schema": "http://schema.management.azure.com/schemas/2014-04-01-preview/deploymentTemplate.json#",
    "contentVersion": "0.9.0.0",
    "parameters": {
        "clusterName": {
            "type": "string",
            "metadata": {
                "description": "The name of the HDInsight cluster to create."
            }
        },
        "clusterLoginUserName": {
            "type": "string",
            "defaultValue": "admin",
            "metadata": {
                "description": "These credentials can be used to submit jobs to the cluster and to log into cluster dashboards."
            }
        },
        "clusterLoginPassword": {
            "type": "securestring",
            "metadata": {
                "description": "The password must be at least 10 characters in length and must contain at least one digit, one non-alphanumeric character, and one upper or lower case letter."
            }
        },
        "location": {
            "type": "string",
            "defaultValue": "eastus2",
            "metadata": {
                "description": "The location where all azure resources will be deployed."
            }
        },
        "clusterVersion": {
            "type": "string",
            "defaultValue": "3.6",
            "metadata": {
                "description": "HDInsight cluster version."
            }
        },
        "clusterWorkerNodeCount": {
            "type": "int",
            "defaultValue": 3,
            "metadata": {
                "description": "The number of nodes in the HDInsight cluster."
            }
        },
        "clusterKind": {
            "type": "string",
            "defaultValue": "KAFKA",
            "metadata": {
                "description": "The type of the HDInsight cluster to create."
            }
        },
        "sshUserName": {
            "type": "string",
            "defaultValue": "sshuser",
            "metadata": {
                "description": "These credentials can be used to remotely access the cluster."
            }
        },
        "sshPassword": {
            "type": "securestring",
            "metadata": {
                "description": "The password must be at least 10 characters in length and must contain at least one digit, one non-alphanumeric character, and one upper or lower case letter."
            }
        }
    },
    "resources": [
        {
            "apiVersion": "2015-03-01-preview",
            "name": "[parameters('clusterName')]",
            "type": "Microsoft.HDInsight/clusters",
            "location": "[parameters('location')]",
            "dependsOn": [
                "Microsoft.Storage/storageAccounts/sakafkacluster"
            ],
            "properties": {
                "clusterVersion": "[parameters('clusterVersion')]",
                "osType": "Linux",
                "tier": "standard",
                "clusterDefinition": {
                    "kind": "[parameters('clusterKind')]",
                    "componentVersion": {
                        "Kafka": "1.0"
                    },
                    "configurations": {
                        "gateway": {
                            "restAuthCredential.isEnabled": true,
                            "restAuthCredential.username": "[parameters('clusterLoginUserName')]",
                            "restAuthCredential.password": "[parameters('clusterLoginPassword')]"
                        }
                    }
                },
                "storageProfile": {
                    "storageaccounts": [
                        {
                            "name": "sakafkacluster.blob.core.windows.net",
                            "isDefault": true,
                            "container": "sidkafkacluster-2018-07-02t04-50-25-257z",
                            "key": "[listKeys('Microsoft.Storage/storageAccounts/sakafkacluster', '2015-05-01-preview').key1]"
                        }
                    ]
                },
                "computeProfile": {
                    "roles": [
                        {
                            "name": "headnode",
                            "minInstanceCount": 1,
                            "targetInstanceCount": 2,
                            "hardwareProfile": {
                                "vmSize": "Standard_D3_V2"
                            },
                            "osProfile": {
                                "linuxOperatingSystemProfile": {
                                    "username": "[parameters('sshUserName')]",
                                    "password": "[parameters('sshPassword')]"
                                }
                            },
                            "virtualNetworkProfile": null,
                            "scriptActions": []
                        },
                        {
                            "name": "workernode",
                            "minInstanceCount": 1,
                            "targetInstanceCount": 3,
                            "hardwareProfile": {
                                "vmSize": "Standard_D3_V2"
                            },
                            "osProfile": {
                                "linuxOperatingSystemProfile": {
                                    "username": "[parameters('sshUserName')]",
                                    "password": "[parameters('sshPassword')]"
                                }
                            },
                            "virtualNetworkProfile": null,
                            "scriptActions": [],
                            "dataDisksGroups": [
                                {
                                    "disksPerNode": 2
                                }
                            ]
                        },
                        {
                            "name": "zookeepernode",
                            "minInstanceCount": 1,
                            "targetInstanceCount": 3,
                            "hardwareProfile": {
                                "vmSize": "Large"
                            },
                            "osProfile": {
                                "linuxOperatingSystemProfile": {
                                    "username": "[parameters('sshUserName')]",
                                    "password": "[parameters('sshPassword')]"
                                }
                            },
                            "virtualNetworkProfile": null,
                            "scriptActions": []
                        }
                    ]
                }
            }
        },
        {
            "type": "Microsoft.Storage/storageAccounts",
            "name": "sakafkacluster",
            "apiVersion": "2015-05-01-preview",
            "location": "eastus2",
            "properties": {
                "accountType": "Standard_LRS"
            }
        }
    ]
}