Id,Alert
0_0_10-09-2013_1,0
0_0_10-09-2013_10,0
0_0_10-09-2013_11,0
0_0_10-09-2013_12,0
0_0_10-09-2013_13,0
0_0_10-09-2013_14,0
0_0_10-09-2013_15,0
0_0_10-09-2013_16,0
0_0_10-09-2013_17,0
0_0_10-09-2013_18,0
0_0_10-09-2013_19,0
0_0_10-09-2013_2,0
0_0_10-09-2013_20,0
0_0_10-09-2013_21,0
0_0_10-09-2013_22,0
0_0_10-09-2013_23,0
0_0_10-09-2013_3,0
0_0_10-09-2013_4,0
0_0_10-09-2013_5,0
0_0_10-09-2013_6,0
0_0_10-09-2013_7,0
0_0_10-09-2013_8,0
0_0_10-09-2013_9,0
0_1_10-09-2013_0,1
0_1_10-09-2013_0,1
0_1_10-09-2013_1,1
0_1_10-09-2013_1,1
0_1_10-09-2013_10,1
0_1_10-09-2013_10,1
0_1_10-09-2013_11,1
0_1_10-09-2013_11,1
0_1_10-09-2013_12,1
0_1_10-09-2013_12,1
0_1_10-09-2013_13,1
0_1_10-09-2013_13,1
0_1_10-09-2013_14,1
0_1_10-09-2013_14,1
0_1_10-09-2013_15,1
0_1_10-09-2013_15,1
0_1_10-09-2013_16,1
0_1_10-09-2013_16,1
0_1_10-09-2013_17,1
0_1_10-09-2013_17,1
0_1_10-09-2013_18,1
0_1_10-09-2013_18,1
0_1_10-09-2013_19,1
0_1_10-09-2013_19,1
0_1_10-09-2013_2,1
0_1_10-09-2013_2,1
0_1_10-09-2013_20,1
0_1_10-09-2013_20,1
0_1_10-09-2013_21,1
0_1_10-09-2013_21,1
0_1_10-09-2013_22,0
0_1_10-09-2013_23,1
0_1_10-09-2013_23,1
0_1_10-09-2013_3,1
0_1_10-09-2013_3,1
0_1_10-09-2013_4,1
0_1_10-09-2013_4,1
0_1_10-09-2013_5,1
0_1_10-09-2013_5,1
0_1_10-09-2013_6,0
0_1_10-09-2013_7,1
0_1_10-09-2013_7,1
0_1_10-09-2013_8,1
0_1_10-09-2013_8,1
0_1_10-09-2013_9,1
0_1_10-09-2013_9,1
0_10_10-09-2013_16,0
0_10_10-09-2013_17,0
0_10_10-09-2013_18,0
0_10_10-09-2013_19,0
0_10_10-09-2013_20,0
0_10_10-09-2013_21,1
0_10_10-09-2013_21,1
0_10_10-09-2013_22,0
0_10_10-09-2013_23,1
0_10_10-09-2013_23,1
0_11_10-09-2013_10,0
0_11_10-09-2013_11,0
0_11_10-09-2013_12,0
0_11_10-09-2013_13,0
0_11_10-09-2013_14,0
0_11_10-09-2013_15,0
0_12_10-09-2013_1,0
0_12_10-09-2013_3,0
0_12_10-09-2013_4,0
0_12_10-09-2013_5,0
0_12_10-09-2013_6,0
0_12_10-09-2013_7,0
0_12_10-09-2013_8,0
0_12_10-09-2013_9,0
0_2_10-09-2013_1,1
0_2_10-09-2013_1,1
0_2_10-09-2013_15,0
0_2_10-09-2013_16,0
0_2_10-09-2013_17,0
0_2_10-09-2013_18,0
0_2_10-09-2013_19,0
0_2_10-09-2013_2,1
0_2_10-09-2013_2,1
0_2_10-09-2013_20,0
0_2_10-09-2013_3,0
0_2_10-09-2013_4,0
0_2_10-09-2013_5,0
0_2_10-09-2013_6,0
0_2_10-09-2013_7,0
0_3_10-09-2013_10,0
0_3_10-09-2013_11,0
0_3_10-09-2013_12,0
0_3_10-09-2013_13,0
0_3_10-09-2013_14,0
0_3_10-09-2013_15,0
0_3_10-09-2013_2,0
0_3_10-09-2013_3,0
0_3_10-09-2013_4,0
0_3_10-09-2013_5,0
0_3_10-09-2013_6,0
0_3_10-09-2013_7,0
0_3_10-09-2013_8,0
0_3_10-09-2013_9,0
0_4_10-09-2013_1,0
0_4_10-09-2013_2,0
0_4_10-09-2013_3,0
0_4_10-09-2013_4,0
0_4_10-09-2013_5,0
0_4_10-09-2013_6,0
0_4_10-09-2013_7,0
0_5_10-09-2013_1,0
0_5_10-09-2013_11,0
0_5_10-09-2013_12,0
0_5_10-09-2013_13,0
0_5_10-09-2013_14,0
0_5_10-09-2013_15,0
0_5_10-09-2013_16,0
0_5_10-09-2013_17,0
0_5_10-09-2013_18,0
0_5_10-09-2013_19,0
0_5_10-09-2013_2,0
0_5_10-09-2013_20,0
0_5_10-09-2013_21,0
0_5_10-09-2013_3,0
0_5_10-09-2013_4,0
0_5_10-09-2013_5,0
0_6_10-09-2013_10,0
0_6_10-09-2013_11,0
0_6_10-09-2013_12,0
0_6_10-09-2013_13,0
0_7_10-09-2013_2,0
0_7_10-09-2013_3,0
0_7_10-09-2013_4,0
0_7_10-09-2013_5,1
0_7_10-09-2013_5,1
0_8_10-09-2013_10,0
0_8_10-09-2013_11,0
0_8_10-09-2013_12,0
0_8_10-09-2013_13,0
0_8_10-09-2013_14,0
0_8_10-09-2013_15,0
0_8_10-09-2013_16,0
0_8_10-09-2013_6,0
0_8_10-09-2013_7,0
0_8_10-09-2013_8,0
0_8_10-09-2013_9,0
0_9_10-09-2013_0,1
0_9_10-09-2013_0,1
0_9_10-09-2013_1,1
0_9_10-09-2013_1,1
0_9_10-09-2013_10,0
0_9_10-09-2013_11,0
0_9_10-09-2013_12,0
0_9_10-09-2013_15,0
0_9_10-09-2013_16,0
0_9_10-09-2013_17,0
0_9_10-09-2013_18,0
0_9_10-09-2013_19,0
0_9_10-09-2013_2,1
0_9_10-09-2013_2,1
0_9_10-09-2013_20,1
0_9_10-09-2013_20,1
0_9_10-09-2013_21,1
0_9_10-09-2013_21,1
0_9_10-09-2013_22,1
0_9_10-09-2013_22,1
0_9_10-09-2013_3,0
0_9_10-09-2013_4,1
0_9_10-09-2013_4,1
0_9_10-09-2013_5,0
0_9_10-09-2013_6,1
0_9_10-09-2013_6,1
0_9_10-09-2013_7,1
0_9_10-09-2013_7,1
0_9_10-09-2013_8,0
0_9_10-09-2013_9,0
1_0_10-09-2013_0,0
1_0_10-09-2013_1,0
1_0_10-09-2013_10,0
1_0_10-09-2013_11,0
1_0_10-09-2013_12,0
1_0_10-09-2013_13,0
1_0_10-09-2013_14,0
1_0_10-09-2013_15,0
1_0_10-09-2013_16,0
1_0_10-09-2013_17,0
1_0_10-09-2013_18,0
1_0_10-09-2013_19,0
1_0_10-09-2013_2,0
1_0_10-09-2013_20,0
1_0_10-09-2013_21,0
1_0_10-09-2013_22,0
1_0_10-09-2013_23,0
1_0_10-09-2013_3,0
1_0_10-09-2013_4,0
1_0_10-09-2013_5,0
1_0_10-09-2013_6,0
1_0_10-09-2013_7,0
1_0_10-09-2013_8,0
1_0_10-09-2013_9,0
0_0_11-09-2013_1,0
0_0_11-09-2013_10,0
0_0_11-09-2013_11,0
0_0_11-09-2013_12,0
0_0_11-09-2013_13,0
0_0_11-09-2013_14,0
0_0_11-09-2013_15,0
0_0_11-09-2013_16,0
0_0_11-09-2013_17,0
0_0_11-09-2013_18,0
0_0_11-09-2013_19,0
0_0_11-09-2013_2,0
0_0_11-09-2013_20,0
0_0_11-09-2013_21,0
0_0_11-09-2013_22,0
0_0_11-09-2013_23,0
0_0_11-09-2013_3,0
0_0_11-09-2013_4,0
0_0_11-09-2013_5,0
0_0_11-09-2013_6,0
0_0_11-09-2013_7,0
0_0_11-09-2013_8,0
0_0_11-09-2013_9,0
0_1_11-09-2013_1,0
0_1_11-09-2013_10,1
0_1_11-09-2013_10,1
0_1_11-09-2013_11,1
0_1_11-09-2013_11,1
0_1_11-09-2013_12,1
0_1_11-09-2013_12,1
0_1_11-09-2013_13,1
0_1_11-09-2013_13,1
0_1_11-09-2013_14,1
0_1_11-09-2013_14,1
0_1_11-09-2013_15,1
0_1_11-09-2013_15,1
0_1_11-09-2013_16,1
0_1_11-09-2013_16,1
0_1_11-09-2013_17,1
0_1_11-09-2013_17,1
0_1_11-09-2013_18,1
0_1_11-09-2013_18,1
0_1_11-09-2013_19,1
0_1_11-09-2013_19,1
0_1_11-09-2013_2,0
0_1_11-09-2013_20,0
0_1_11-09-2013_21,1
0_1_11-09-2013_21,1
0_1_11-09-2013_22,1
0_1_11-09-2013_22,1
0_1_11-09-2013_23,0
0_1_11-09-2013_3,0
0_1_11-09-2013_4,0
0_1_11-09-2013_5,0
0_1_11-09-2013_6,1
0_1_11-09-2013_6,1
0_1_11-09-2013_7,1
0_1_11-09-2013_7,1
0_1_11-09-2013_8,1
0_1_11-09-2013_8,1
0_1_11-09-2013_9,1
0_1_11-09-2013_9,1
0_10_11-09-2013_15,0
0_10_11-09-2013_16,0
0_10_11-09-2013_17,0
0_11_11-09-2013_10,0
0_11_11-09-2013_11,0
0_11_11-09-2013_12,0
0_11_11-09-2013_15,0
0_11_11-09-2013_16,0
0_11_11-09-2013_17,0
0_11_11-09-2013_18,0
0_11_11-09-2013_19,0
0_11_11-09-2013_20,0
0_12_11-09-2013_14,0
0_12_11-09-2013_15,0
0_12_11-09-2013_16,0
0_12_11-09-2013_21,0
0_12_11-09-2013_22,0
0_12_11-09-2013_23,0
0_3_11-09-2013_17,0
0_3_11-09-2013_18,0
0_3_11-09-2013_19,0
0_4_11-09-2013_15,0
0_4_11-09-2013_16,0
0_4_11-09-2013_17,0
0_4_11-09-2013_18,0
0_4_11-09-2013_19,0
0_4_11-09-2013_20,0
0_4_11-09-2013_21,0
0_4_11-09-2013_22,0
0_4_11-09-2013_23,0
0_5_11-09-2013_21,0
0_5_11-09-2013_22,0
0_5_11-09-2013_23,0
0_6_11-09-2013_17,0
0_6_11-09-2013_18,0
0_6_11-09-2013_19,0
0_6_11-09-2013_20,0
0_6_11-09-2013_21,0
0_6_11-09-2013_22,0
0_6_11-09-2013_23,1
0_6_11-09-2013_23,1
0_7_11-09-2013_10,0
0_7_11-09-2013_11,0
0_7_11-09-2013_12,0
0_7_11-09-2013_13,0
0_7_11-09-2013_14,0
0_7_11-09-2013_15,0
0_7_11-09-2013_16,0
0_7_11-09-2013_17,0
0_7_11-09-2013_18,0
0_7_11-09-2013_19,0
0_7_11-09-2013_20,0
0_7_11-09-2013_21,0
0_7_11-09-2013_22,0
0_7_11-09-2013_23,0
0_7_11-09-2013_7,0
0_7_11-09-2013_8,0
0_7_11-09-2013_9,0
0_8_11-09-2013_1,0
0_8_11-09-2013_10,0
0_8_11-09-2013_13,0
0_8_11-09-2013_14,0
0_8_11-09-2013_15,0
0_8_11-09-2013_2,0
0_8_11-09-2013_20,0
0_8_11-09-2013_21,0
0_8_11-09-2013_22,0
0_8_11-09-2013_23,0
0_8_11-09-2013_3,0
0_8_11-09-2013_4,0
0_8_11-09-2013_5,0
0_8_11-09-2013_6,0
0_8_11-09-2013_7,0
0_8_11-09-2013_8,0
0_8_11-09-2013_9,0
0_9_11-09-2013_10,0
0_9_11-09-2013_11,0
0_9_11-09-2013_12,0
0_9_11-09-2013_13,0
0_9_11-09-2013_14,0
0_9_11-09-2013_15,0
0_9_11-09-2013_16,0
0_9_11-09-2013_17,0
0_9_11-09-2013_18,0
0_9_11-09-2013_19,1
0_9_11-09-2013_19,1
0_9_11-09-2013_9,0
1_0_11-09-2013_0,0
1_0_11-09-2013_1,0
1_0_11-09-2013_10,0
1_0_11-09-2013_11,0
1_0_11-09-2013_12,0
1_0_11-09-2013_13,0
1_0_11-09-2013_14,0
1_0_11-09-2013_15,0
1_0_11-09-2013_16,0
1_0_11-09-2013_17,0
1_0_11-09-2013_18,0
1_0_11-09-2013_19,0
1_0_11-09-2013_2,0
1_0_11-09-2013_20,0
1_0_11-09-2013_21,0
1_0_11-09-2013_22,0
1_0_11-09-2013_23,0
1_0_11-09-2013_3,0
1_0_11-09-2013_4,0
1_0_11-09-2013_5,0
1_0_11-09-2013_6,0
1_0_11-09-2013_7,0
1_0_11-09-2013_8,0
1_0_11-09-2013_9,0
0_0_12-09-2013_1,0
0_0_12-09-2013_10,0
0_0_12-09-2013_11,0
0_0_12-09-2013_12,0
0_0_12-09-2013_13,0
0_0_12-09-2013_14,0
0_0_12-09-2013_15,0
0_0_12-09-2013_16,0
0_0_12-09-2013_17,0
0_0_12-09-2013_18,0
0_0_12-09-2013_19,0
0_0_12-09-2013_2,0
0_0_12-09-2013_20,0
0_0_12-09-2013_21,0
0_0_12-09-2013_22,0
0_0_12-09-2013_23,0
0_0_12-09-2013_3,0
0_0_12-09-2013_4,0
0_0_12-09-2013_5,0
0_0_12-09-2013_6,0
0_0_12-09-2013_7,0
0_0_12-09-2013_8,0
0_0_12-09-2013_9,0
0_1_12-09-2013_1,0
0_1_12-09-2013_10,0
0_1_12-09-2013_11,0
0_1_12-09-2013_12,0
0_1_12-09-2013_13,0
0_1_12-09-2013_14,0
0_1_12-09-2013_15,0
0_1_12-09-2013_16,0
0_1_12-09-2013_17,0
0_1_12-09-2013_18,0
0_1_12-09-2013_19,1
0_1_12-09-2013_19,1
0_1_12-09-2013_2,0
0_1_12-09-2013_20,0
0_1_12-09-2013_21,0
0_1_12-09-2013_22,0
0_1_12-09-2013_23,0
0_1_12-09-2013_3,0
0_1_12-09-2013_4,1
0_1_12-09-2013_4,1
0_1_12-09-2013_5,1
0_1_12-09-2013_5,1
0_1_12-09-2013_6,1
0_1_12-09-2013_6,1
0_1_12-09-2013_7,1
0_1_12-09-2013_7,1
0_1_12-09-2013_8,0
0_1_12-09-2013_9,0
0_10_12-09-2013_4,0
0_10_12-09-2013_5,0
0_10_12-09-2013_6,0
0_10_12-09-2013_7,0
0_10_12-09-2013_8,0
0_10_12-09-2013_9,0
0_11_12-09-2013_20,0
0_11_12-09-2013_21,0
0_11_12-09-2013_22,0
0_2_12-09-2013_13,0
0_2_12-09-2013_14,0
0_2_12-09-2013_15,0
0_2_12-09-2013_16,0
0_2_12-09-2013_17,0
0_2_12-09-2013_18,0
0_2_12-09-2013_19,0
0_2_12-09-2013_20,0
0_2_12-09-2013_21,0
0_3_12-09-2013_19,0
0_3_12-09-2013_20,0
0_3_12-09-2013_21,0
0_3_12-09-2013_22,0
0_3_12-09-2013_23,0
0_4_12-09-2013_1,0
0_4_12-09-2013_2,0
0_4_12-09-2013_3,0
0_4_12-09-2013_4,0
0_4_12-09-2013_5,0
0_4_12-09-2013_6,0
0_5_12-09-2013_1,0
0_5_12-09-2013_2,0
0_5_12-09-2013_3,0
0_5_12-09-2013_4,0
0_5_12-09-2013_5,0
0_5_12-09-2013_6,0
0_5_12-09-2013_7,0
0_6_12-09-2013_0,1
0_6_12-09-2013_0,1
0_6_12-09-2013_1,1
0_6_12-09-2013_1,1
0_6_12-09-2013_2,1
0_6_12-09-2013_2,1
0_6_12-09-2013_21,1
0_6_12-09-2013_21,1
0_6_12-09-2013_22,1
0_6_12-09-2013_22,1
0_6_12-09-2013_23,1
0_6_12-09-2013_23,1
0_6_12-09-2013_3,1
0_6_12-09-2013_3,1
0_7_12-09-2013_1,0
0_7_12-09-2013_10,1
0_7_12-09-2013_10,1
0_7_12-09-2013_11,1
0_7_12-09-2013_11,1
0_7_12-09-2013_12,1
0_7_12-09-2013_12,1
0_7_12-09-2013_13,1
0_7_12-09-2013_13,1
0_7_12-09-2013_14,1
0_7_12-09-2013_14,1
0_7_12-09-2013_15,1
0_7_12-09-2013_15,1
0_7_12-09-2013_16,0
0_7_12-09-2013_17,0
0_7_12-09-2013_18,0
0_7_12-09-2013_19,1
0_7_12-09-2013_19,1
0_7_12-09-2013_20,1
0_7_12-09-2013_20,1
0_7_12-09-2013_21,0
0_7_12-09-2013_22,0
0_7_12-09-2013_9,0
0_8_12-09-2013_1,0
0_8_12-09-2013_22,0
0_8_12-09-2013_23,0
1_0_12-09-2013_0,0
1_0_12-09-2013_1,0
1_0_12-09-2013_2,0
1_0_12-09-2013_3,0
1_0_12-09-2013_4,0
1_0_12-09-2013_5,0
1_0_12-09-2013_6,0
1_0_12-09-2013_7,0
0_0_13-09-2013_1,0
0_0_13-09-2013_10,0
0_0_13-09-2013_11,0
0_0_13-09-2013_12,0
0_0_13-09-2013_13,0
0_0_13-09-2013_14,0
0_0_13-09-2013_15,0
0_0_13-09-2013_16,0
0_0_13-09-2013_17,0
0_0_13-09-2013_18,0
0_0_13-09-2013_19,0
0_0_13-09-2013_2,0
0_0_13-09-2013_20,0
0_0_13-09-2013_21,0
0_0_13-09-2013_22,0
0_0_13-09-2013_23,0
0_0_13-09-2013_3,0
0_0_13-09-2013_4,0
0_0_13-09-2013_5,0
0_0_13-09-2013_6,0
0_0_13-09-2013_7,0
0_0_13-09-2013_8,0
0_0_13-09-2013_9,0
0_1_13-09-2013_1,0
0_1_13-09-2013_10,1
0_1_13-09-2013_10,1
0_1_13-09-2013_11,1
0_1_13-09-2013_11,1
0_1_13-09-2013_12,1
0_1_13-09-2013_12,1
0_1_13-09-2013_13,1
0_1_13-09-2013_13,1
0_1_13-09-2013_14,1
0_1_13-09-2013_14,1
0_1_13-09-2013_15,1
0_1_13-09-2013_15,1
0_1_13-09-2013_16,0
0_1_13-09-2013_17,0
0_1_13-09-2013_18,0
0_1_13-09-2013_19,0
0_1_13-09-2013_2,0
0_1_13-09-2013_20,0
0_1_13-09-2013_21,0
0_1_13-09-2013_22,0
0_1_13-09-2013_23,0
0_1_13-09-2013_3,0
0_1_13-09-2013_4,0
0_1_13-09-2013_5,0
0_1_13-09-2013_6,0
0_1_13-09-2013_7,0
0_1_13-09-2013_8,0
0_1_13-09-2013_9,0
0_10_13-09-2013_11,0
0_10_13-09-2013_12,0
0_10_13-09-2013_13,0
0_10_13-09-2013_23,0
0_11_13-09-2013_10,0
0_11_13-09-2013_11,0
0_11_13-09-2013_17,0
0_11_13-09-2013_18,0
0_11_13-09-2013_19,0
0_11_13-09-2013_6,0
0_11_13-09-2013_7,0
0_11_13-09-2013_8,0
0_11_13-09-2013_9,0
0_3_13-09-2013_1,0
0_3_13-09-2013_13,0
0_3_13-09-2013_14,0
0_3_13-09-2013_15,0
0_3_13-09-2013_2,0
0_6_13-09-2013_0,1
0_6_13-09-2013_0,1
0_6_13-09-2013_10,0
0_6_13-09-2013_11,0
0_6_13-09-2013_12,0
0_6_13-09-2013_13,0
0_8_13-09-2013_1,0
0_8_13-09-2013_10,0
0_8_13-09-2013_11,0
0_8_13-09-2013_12,0
0_8_13-09-2013_13,0
0_8_13-09-2013_14,0
0_8_13-09-2013_15,0
0_8_13-09-2013_16,0
0_8_13-09-2013_17,0
0_8_13-09-2013_18,0
0_8_13-09-2013_19,0
0_8_13-09-2013_6,1
0_8_13-09-2013_6,1
0_8_13-09-2013_7,0
0_8_13-09-2013_8,0
0_8_13-09-2013_9,0
0_9_13-09-2013_10,0
0_9_13-09-2013_11,0
0_9_13-09-2013_12,0
0_9_13-09-2013_13,0
0_9_13-09-2013_15,0
0_9_13-09-2013_16,0
0_9_13-09-2013_17,0
0_9_13-09-2013_18,0
0_9_13-09-2013_2,0
0_9_13-09-2013_23,0
0_9_13-09-2013_3,0
0_9_13-09-2013_4,0
0_9_13-09-2013_5,0
0_9_13-09-2013_6,0
0_9_13-09-2013_7,0
0_9_13-09-2013_8,0
0_9_13-09-2013_9,0
1_0_13-09-2013_1,0
1_0_13-09-2013_10,0
1_0_13-09-2013_11,0
1_0_13-09-2013_12,0
1_0_13-09-2013_13,0
1_0_13-09-2013_14,0
1_0_13-09-2013_15,0
1_0_13-09-2013_16,0
1_0_13-09-2013_17,0
1_0_13-09-2013_18,0
1_0_13-09-2013_19,0
1_0_13-09-2013_2,0
1_0_13-09-2013_20,0
1_0_13-09-2013_21,0
1_0_13-09-2013_22,0
1_0_13-09-2013_23,0
1_0_13-09-2013_3,0
1_0_13-09-2013_4,0
1_0_13-09-2013_5,0
1_0_13-09-2013_6,0
1_0_13-09-2013_7,0
1_0_13-09-2013_8,0
1_0_13-09-2013_9,0
0_0_14-09-2013_1,0
0_0_14-09-2013_10,0
0_0_14-09-2013_11,0
0_0_14-09-2013_12,0
0_0_14-09-2013_13,0
0_0_14-09-2013_14,0
0_0_14-09-2013_15,0
0_0_14-09-2013_16,0
0_0_14-09-2013_17,0
0_0_14-09-2013_18,0
0_0_14-09-2013_19,0
0_0_14-09-2013_2,0
0_0_14-09-2013_20,0
0_0_14-09-2013_21,0
0_0_14-09-2013_22,0
0_0_14-09-2013_23,0
0_0_14-09-2013_3,0
0_0_14-09-2013_4,0
0_0_14-09-2013_5,0
0_0_14-09-2013_6,0
0_0_14-09-2013_7,0
0_0_14-09-2013_8,0
0_0_14-09-2013_9,0
0_1_14-09-2013_1,0
0_1_14-09-2013_10,1
0_1_14-09-2013_10,1
0_1_14-09-2013_11,1
0_1_14-09-2013_11,1
0_1_14-09-2013_12,0
0_1_14-09-2013_13,1
0_1_14-09-2013_13,1
0_1_14-09-2013_14,1
0_1_14-09-2013_14,1
0_1_14-09-2013_15,1
0_1_14-09-2013_15,1
0_1_14-09-2013_16,0
0_1_14-09-2013_17,0
0_1_14-09-2013_18,0
0_1_14-09-2013_19,0
0_1_14-09-2013_2,1
0_1_14-09-2013_2,1
0_1_14-09-2013_20,0
0_1_14-09-2013_21,0
0_1_14-09-2013_22,1
0_1_14-09-2013_22,1
0_1_14-09-2013_23,1
0_1_14-09-2013_23,1
0_1_14-09-2013_3,0
0_1_14-09-2013_4,1
0_1_14-09-2013_4,1
0_1_14-09-2013_5,0
0_1_14-09-2013_6,1
0_1_14-09-2013_6,1
0_1_14-09-2013_7,1
0_1_14-09-2013_7,1
0_1_14-09-2013_8,1
0_1_14-09-2013_8,1
0_1_14-09-2013_9,1
0_1_14-09-2013_9,1
0_10_14-09-2013_1,0
0_10_14-09-2013_10,0
0_10_14-09-2013_2,0
0_10_14-09-2013_7,0
0_10_14-09-2013_8,0
0_10_14-09-2013_9,0
0_11_14-09-2013_1,0
0_11_14-09-2013_2,0
0_11_14-09-2013_3,0
0_11_14-09-2013_4,0
0_11_14-09-2013_5,0
0_11_14-09-2013_6,0
0_12_14-09-2013_14,0
0_12_14-09-2013_15,0
0_12_14-09-2013_16,0
0_12_14-09-2013_17,0
0_12_14-09-2013_18,0
0_12_14-09-2013_19,0
0_12_14-09-2013_20,0
0_12_14-09-2013_21,0
0_2_14-09-2013_4,0
0_2_14-09-2013_5,0
0_2_14-09-2013_6,0
0_2_14-09-2013_7,0
0_3_14-09-2013_2,0
0_3_14-09-2013_3,0
0_3_14-09-2013_4,0
0_3_14-09-2013_5,0
0_3_14-09-2013_6,0
0_3_14-09-2013_7,0
0_5_14-09-2013_22,0
0_5_14-09-2013_23,0
0_6_14-09-2013_10,0
0_6_14-09-2013_11,0
0_6_14-09-2013_12,1
0_6_14-09-2013_12,1
0_6_14-09-2013_2,0
0_6_14-09-2013_3,1
0_6_14-09-2013_3,1
0_6_14-09-2013_4,1
0_6_14-09-2013_4,1
0_6_14-09-2013_5,1
0_6_14-09-2013_5,1
0_6_14-09-2013_6,1
0_6_14-09-2013_6,1
0_6_14-09-2013_7,0
0_6_14-09-2013_8,0
0_6_14-09-2013_9,0
0_7_14-09-2013_10,0
0_7_14-09-2013_11,0
0_7_14-09-2013_12,0
0_7_14-09-2013_13,0
0_7_14-09-2013_14,0
0_7_14-09-2013_15,0
0_7_14-09-2013_23,0
0_8_14-09-2013_10,0
0_8_14-09-2013_11,0
0_8_14-09-2013_12,0
0_8_14-09-2013_13,0
0_8_14-09-2013_14,0
0_8_14-09-2013_15,0
0_8_14-09-2013_16,0
0_8_14-09-2013_17,0
0_8_14-09-2013_18,0
0_8_14-09-2013_19,0
0_8_14-09-2013_20,0
0_8_14-09-2013_21,0
0_8_14-09-2013_22,0
0_8_14-09-2013_23,0
0_8_14-09-2013_8,0
0_8_14-09-2013_9,0
0_9_14-09-2013_1,0
0_9_14-09-2013_12,0
0_9_14-09-2013_13,0
0_9_14-09-2013_14,0
0_9_14-09-2013_15,0
0_9_14-09-2013_16,0
0_9_14-09-2013_17,0
0_9_14-09-2013_2,0
0_9_14-09-2013_20,0
0_9_14-09-2013_21,0
0_9_14-09-2013_22,0
0_9_14-09-2013_3,0
0_9_14-09-2013_4,0
0_9_14-09-2013_5,0
0_9_14-09-2013_6,0
0_9_14-09-2013_7,0
1_0_14-09-2013_0,0
1_0_14-09-2013_1,0
1_0_14-09-2013_10,0
1_0_14-09-2013_11,0
1_0_14-09-2013_12,0
1_0_14-09-2013_13,0
1_0_14-09-2013_14,0
1_0_14-09-2013_15,0
1_0_14-09-2013_16,0
1_0_14-09-2013_17,0
1_0_14-09-2013_18,0
1_0_14-09-2013_19,0
1_0_14-09-2013_2,0
1_0_14-09-2013_20,0
1_0_14-09-2013_21,0
1_0_14-09-2013_22,0
1_0_14-09-2013_23,0
1_0_14-09-2013_3,0
1_0_14-09-2013_4,0
1_0_14-09-2013_5,0
1_0_14-09-2013_6,0
1_0_14-09-2013_7,0
1_0_14-09-2013_8,0
1_0_14-09-2013_9,0
0_0_15-09-2013_1,0
0_0_15-09-2013_10,0
0_0_15-09-2013_11,0
0_0_15-09-2013_12,0
0_0_15-09-2013_13,0
0_0_15-09-2013_14,0
0_0_15-09-2013_15,0
0_0_15-09-2013_16,0
0_0_15-09-2013_17,0
0_0_15-09-2013_18,0
0_0_15-09-2013_19,0
0_0_15-09-2013_2,0
0_0_15-09-2013_20,0
0_0_15-09-2013_21,0
0_0_15-09-2013_22,0
0_0_15-09-2013_23,0
0_0_15-09-2013_3,0
0_0_15-09-2013_4,0
0_0_15-09-2013_5,0
0_0_15-09-2013_6,0
0_0_15-09-2013_7,0
0_0_15-09-2013_8,0
0_0_15-09-2013_9,0
0_1_15-09-2013_0,1
0_1_15-09-2013_0,1
0_1_15-09-2013_1,0
0_1_15-09-2013_10,1
0_1_15-09-2013_10,1
0_1_15-09-2013_11,1
0_1_15-09-2013_11,1
0_1_15-09-2013_12,1
0_1_15-09-2013_12,1
0_1_15-09-2013_13,1
0_1_15-09-2013_13,1
0_1_15-09-2013_14,1
0_1_15-09-2013_14,1
0_1_15-09-2013_15,1
0_1_15-09-2013_15,1
0_1_15-09-2013_16,1
0_1_15-09-2013_16,1
0_1_15-09-2013_17,1
0_1_15-09-2013_17,1
0_1_15-09-2013_18,1
0_1_15-09-2013_18,1
0_1_15-09-2013_19,0
0_1_15-09-2013_2,1
0_1_15-09-2013_2,1
0_1_15-09-2013_20,0
0_1_15-09-2013_21,0
0_1_15-09-2013_22,0
0_1_15-09-2013_23,0
0_1_15-09-2013_3,1
0_1_15-09-2013_3,1
0_1_15-09-2013_4,1
0_1_15-09-2013_4,1
0_1_15-09-2013_5,1
0_1_15-09-2013_5,1
0_1_15-09-2013_6,1
0_1_15-09-2013_6,1
0_1_15-09-2013_7,1
0_1_15-09-2013_7,1
0_1_15-09-2013_8,1
0_1_15-09-2013_8,1
0_1_15-09-2013_9,1
0_1_15-09-2013_9,1
0_11_15-09-2013_18,0
0_11_15-09-2013_19,0
0_11_15-09-2013_20,0
0_11_15-09-2013_21,0
0_11_15-09-2013_22,0
0_11_15-09-2013_23,0
0_12_15-09-2013_18,0
0_12_15-09-2013_19,0
0_12_15-09-2013_20,0
0_12_15-09-2013_21,0
0_2_15-09-2013_11,0
0_2_15-09-2013_12,0
0_2_15-09-2013_13,0
0_2_15-09-2013_14,0
0_2_15-09-2013_15,0
0_2_15-09-2013_16,0
0_2_15-09-2013_17,0
0_2_15-09-2013_18,0
0_2_15-09-2013_19,0
0_3_15-09-2013_1,1
0_3_15-09-2013_1,1
0_3_15-09-2013_10,0
0_3_15-09-2013_11,0
0_3_15-09-2013_2,0
0_3_15-09-2013_3,0
0_3_15-09-2013_4,0
0_3_15-09-2013_5,0
0_3_15-09-2013_6,0
0_3_15-09-2013_7,0
0_3_15-09-2013_8,0
0_3_15-09-2013_9,0
0_4_15-09-2013_1,0
0_4_15-09-2013_10,0
0_4_15-09-2013_11,0
0_4_15-09-2013_12,0
0_4_15-09-2013_2,0
0_4_15-09-2013_3,0
0_4_15-09-2013_4,0
0_4_15-09-2013_5,0
0_4_15-09-2013_6,0
0_4_15-09-2013_7,0
0_4_15-09-2013_8,0
0_4_15-09-2013_9,0
0_5_15-09-2013_1,0
0_5_15-09-2013_2,0
0_5_15-09-2013_3,0
0_5_15-09-2013_4,0
0_5_15-09-2013_5,0
0_5_15-09-2013_6,0
0_5_15-09-2013_7,0
0_5_15-09-2013_8,0
0_5_15-09-2013_9,0
0_6_15-09-2013_11,0
0_6_15-09-2013_12,0
0_6_15-09-2013_13,0
0_6_15-09-2013_14,0
0_6_15-09-2013_15,0
0_6_15-09-2013_16,0
0_6_15-09-2013_17,0
0_6_15-09-2013_18,0
0_6_15-09-2013_19,1
0_6_15-09-2013_19,1
0_6_15-09-2013_22,1
0_6_15-09-2013_22,1
0_6_15-09-2013_23,0
0_7_15-09-2013_1,0
0_7_15-09-2013_2,0
0_7_15-09-2013_3,0
0_7_15-09-2013_4,0
0_7_15-09-2013_5,0
0_7_15-09-2013_6,0
0_7_15-09-2013_7,0
0_7_15-09-2013_8,0
0_7_15-09-2013_9,0
0_8_15-09-2013_1,0
0_8_15-09-2013_10,0
0_8_15-09-2013_11,0
0_8_15-09-2013_12,0
0_8_15-09-2013_13,0
0_8_15-09-2013_14,0
0_8_15-09-2013_15,0
0_8_15-09-2013_16,0
0_8_15-09-2013_17,0
0_8_15-09-2013_18,0
0_8_15-09-2013_2,0
0_8_15-09-2013_3,0
0_8_15-09-2013_4,0
0_8_15-09-2013_5,0
0_8_15-09-2013_6,0
0_8_15-09-2013_7,0
0_8_15-09-2013_8,0
0_8_15-09-2013_9,0
0_9_15-09-2013_19,1
0_9_15-09-2013_19,1
0_9_15-09-2013_20,0
0_9_15-09-2013_21,0
1_0_15-09-2013_0,0
1_0_15-09-2013_1,0
1_0_15-09-2013_10,0
1_0_15-09-2013_11,0
1_0_15-09-2013_12,0
1_0_15-09-2013_13,0
1_0_15-09-2013_14,0
1_0_15-09-2013_15,0
1_0_15-09-2013_16,0
1_0_15-09-2013_17,0
1_0_15-09-2013_18,0
1_0_15-09-2013_19,0
1_0_15-09-2013_2,0
1_0_15-09-2013_20,0
1_0_15-09-2013_21,0
1_0_15-09-2013_22,0
1_0_15-09-2013_23,0
1_0_15-09-2013_3,0
1_0_15-09-2013_4,0
1_0_15-09-2013_5,0
1_0_15-09-2013_6,0
1_0_15-09-2013_7,0
1_0_15-09-2013_8,0
1_0_15-09-2013_9,0
0_0_16-09-2013_1,0
0_0_16-09-2013_10,0
0_0_16-09-2013_11,0
0_0_16-09-2013_12,0
0_0_16-09-2013_13,0
0_0_16-09-2013_14,0
0_0_16-09-2013_15,0
0_0_16-09-2013_16,0
0_0_16-09-2013_17,0
0_0_16-09-2013_18,0
0_0_16-09-2013_19,0
0_0_16-09-2013_2,0
0_0_16-09-2013_20,0
0_0_16-09-2013_21,0
0_0_16-09-2013_22,0
0_0_16-09-2013_23,0
0_0_16-09-2013_3,0
0_0_16-09-2013_4,0
0_0_16-09-2013_5,0
0_0_16-09-2013_6,0
0_0_16-09-2013_7,0
0_0_16-09-2013_8,0
0_0_16-09-2013_9,0
0_1_16-09-2013_1,0
0_1_16-09-2013_10,1
0_1_16-09-2013_10,1
0_1_16-09-2013_11,1
0_1_16-09-2013_11,1
0_1_16-09-2013_12,1
0_1_16-09-2013_12,1
0_1_16-09-2013_13,1
0_1_16-09-2013_13,1
0_1_16-09-2013_14,1
0_1_16-09-2013_14,1
0_1_16-09-2013_15,0
0_1_16-09-2013_16,0
0_1_16-09-2013_17,1
0_1_16-09-2013_17,1
0_1_16-09-2013_18,1
0_1_16-09-2013_18,1
0_1_16-09-2013_19,1
0_1_16-09-2013_19,1
0_1_16-09-2013_2,0
0_1_16-09-2013_20,0
0_1_16-09-2013_21,0
0_1_16-09-2013_22,0
0_1_16-09-2013_23,0
0_1_16-09-2013_3,0
0_1_16-09-2013_4,0
0_1_16-09-2013_5,0
0_1_16-09-2013_6,0
0_1_16-09-2013_7,0
0_1_16-09-2013_8,1
0_1_16-09-2013_8,1
0_1_16-09-2013_9,1
0_1_16-09-2013_9,1
0_10_16-09-2013_10,0
0_10_16-09-2013_11,0
0_10_16-09-2013_12,0
0_10_16-09-2013_13,0
0_10_16-09-2013_14,0
0_10_16-09-2013_15,0
0_10_16-09-2013_16,0
0_10_16-09-2013_17,0
0_10_16-09-2013_18,0
0_10_16-09-2013_5,0
0_10_16-09-2013_6,0
0_10_16-09-2013_7,0
0_10_16-09-2013_8,0
0_10_16-09-2013_9,0
0_11_16-09-2013_1,0
0_11_16-09-2013_18,0
0_11_16-09-2013_19,0
0_11_16-09-2013_2,0
0_11_16-09-2013_20,0
0_11_16-09-2013_21,0
0_11_16-09-2013_22,0
0_11_16-09-2013_23,0
0_12_16-09-2013_12,1
0_12_16-09-2013_12,1
0_12_16-09-2013_13,0
0_12_16-09-2013_14,0
0_12_16-09-2013_15,0
0_12_16-09-2013_16,0
0_12_16-09-2013_17,0
0_12_16-09-2013_18,0
0_12_16-09-2013_19,0
0_12_16-09-2013_20,0
0_3_16-09-2013_10,0
0_3_16-09-2013_11,0
0_3_16-09-2013_12,0
0_3_16-09-2013_13,0
0_3_16-09-2013_14,0
0_3_16-09-2013_15,0
0_3_16-09-2013_16,0
0_3_16-09-2013_17,0
0_3_16-09-2013_18,0
0_3_16-09-2013_19,0
0_3_16-09-2013_8,0
0_3_16-09-2013_9,0
0_6_16-09-2013_0,1
0_6_16-09-2013_0,1
0_6_16-09-2013_1,1
0_6_16-09-2013_1,1
0_6_16-09-2013_13,0
0_6_16-09-2013_14,0
0_6_16-09-2013_15,1
0_6_16-09-2013_15,1
0_6_16-09-2013_16,1
0_6_16-09-2013_16,1
0_6_16-09-2013_17,0
0_6_16-09-2013_18,0
0_6_16-09-2013_2,0
0_6_16-09-2013_21,0
0_6_16-09-2013_22,0
0_6_16-09-2013_23,0
0_6_16-09-2013_3,1
0_6_16-09-2013_3,1
0_8_16-09-2013_19,0
0_8_16-09-2013_20,0
0_8_16-09-2013_21,0
0_8_16-09-2013_22,0
0_8_16-09-2013_23,0
0_9_16-09-2013_1,0
0_9_16-09-2013_10,0
0_9_16-09-2013_11,0
0_9_16-09-2013_12,0
0_9_16-09-2013_13,0
0_9_16-09-2013_14,0
0_9_16-09-2013_15,0
0_9_16-09-2013_16,0
0_9_16-09-2013_17,0
0_9_16-09-2013_18,0
0_9_16-09-2013_19,1
0_9_16-09-2013_19,1
0_9_16-09-2013_2,0
0_9_16-09-2013_20,1
0_9_16-09-2013_20,1
0_9_16-09-2013_21,1
0_9_16-09-2013_21,1
0_9_16-09-2013_22,1
0_9_16-09-2013_22,1
0_9_16-09-2013_23,0
0_9_16-09-2013_3,0
0_9_16-09-2013_5,0
0_9_16-09-2013_6,0
0_9_16-09-2013_7,0
0_9_16-09-2013_8,0
1_0_16-09-2013_0,0
1_0_16-09-2013_1,0
1_0_16-09-2013_10,0
1_0_16-09-2013_11,0
1_0_16-09-2013_12,0
1_0_16-09-2013_13,0
1_0_16-09-2013_14,0
1_0_16-09-2013_15,0
1_0_16-09-2013_16,0
1_0_16-09-2013_17,0
1_0_16-09-2013_18,0
1_0_16-09-2013_19,0
1_0_16-09-2013_2,0
1_0_16-09-2013_20,0
1_0_16-09-2013_21,0
1_0_16-09-2013_22,0
1_0_16-09-2013_23,0
1_0_16-09-2013_3,0
1_0_16-09-2013_4,0
1_0_16-09-2013_5,0
1_0_16-09-2013_6,0
1_0_16-09-2013_7,0
1_0_16-09-2013_8,0
1_0_16-09-2013_9,0
0_0_17-09-2013_1,0
0_0_17-09-2013_10,0
0_0_17-09-2013_11,0
0_0_17-09-2013_12,0
0_0_17-09-2013_13,0
0_0_17-09-2013_14,0
0_0_17-09-2013_15,0
0_0_17-09-2013_16,0
0_0_17-09-2013_17,0
0_0_17-09-2013_18,1
0_0_17-09-2013_18,1
0_0_17-09-2013_19,0
0_0_17-09-2013_2,0
0_0_17-09-2013_20,0
0_0_17-09-2013_21,0
0_0_17-09-2013_22,0
0_0_17-09-2013_23,0
0_0_17-09-2013_3,0
0_0_17-09-2013_4,0
0_0_17-09-2013_5,0
0_0_17-09-2013_6,0
0_0_17-09-2013_7,0
0_0_17-09-2013_8,0
0_0_17-09-2013_9,0
0_1_17-09-2013_1,0
0_1_17-09-2013_10,1
0_1_17-09-2013_10,1
0_1_17-09-2013_11,1
0_1_17-09-2013_11,1
0_1_17-09-2013_12,1
0_1_17-09-2013_12,1
0_1_17-09-2013_13,0
0_1_17-09-2013_14,1
0_1_17-09-2013_14,1
0_1_17-09-2013_15,0
0_1_17-09-2013_16,0
0_1_17-09-2013_17,1
0_1_17-09-2013_17,1
0_1_17-09-2013_18,1
0_1_17-09-2013_18,1
0_1_17-09-2013_19,1
0_1_17-09-2013_19,1
0_1_17-09-2013_2,0
0_1_17-09-2013_20,1
0_1_17-09-2013_20,1
0_1_17-09-2013_21,1
0_1_17-09-2013_21,1
0_1_17-09-2013_22,1
0_1_17-09-2013_22,1
0_1_17-09-2013_23,1
0_1_17-09-2013_23,1
0_1_17-09-2013_3,1
0_1_17-09-2013_3,1
0_1_17-09-2013_4,1
0_1_17-09-2013_4,1
0_1_17-09-2013_5,0
0_1_17-09-2013_6,0
0_1_17-09-2013_7,1
0_1_17-09-2013_7,1
0_1_17-09-2013_8,1
0_1_17-09-2013_8,1
0_1_17-09-2013_9,1
0_1_17-09-2013_9,1
0_10_17-09-2013_2,0
0_10_17-09-2013_23,0
0_10_17-09-2013_3,0
0_10_17-09-2013_4,0
0_10_17-09-2013_5,0
0_11_17-09-2013_1,0
0_11_17-09-2013_2,0
0_11_17-09-2013_3,0
0_11_17-09-2013_4,0
0_11_17-09-2013_5,0
0_11_17-09-2013_6,0
0_11_17-09-2013_7,0
0_12_17-09-2013_10,0
0_12_17-09-2013_11,0
0_12_17-09-2013_12,0
0_12_17-09-2013_13,0
0_12_17-09-2013_14,0
0_12_17-09-2013_15,0
0_12_17-09-2013_16,0
0_12_17-09-2013_17,0
0_12_17-09-2013_18,0
0_12_17-09-2013_19,0
0_12_17-09-2013_20,0
0_12_17-09-2013_21,0
0_12_17-09-2013_22,0
0_12_17-09-2013_4,0
0_12_17-09-2013_5,0
0_12_17-09-2013_6,0
0_12_17-09-2013_7,0
0_12_17-09-2013_8,0
0_12_17-09-2013_9,0
0_2_17-09-2013_12,0
0_2_17-09-2013_13,0
0_2_17-09-2013_14,0
0_2_17-09-2013_15,0
0_2_17-09-2013_16,0
0_2_17-09-2013_17,0
0_2_17-09-2013_18,0
0_2_17-09-2013_19,0
0_2_17-09-2013_20,0
0_3_17-09-2013_13,0
0_3_17-09-2013_14,0
0_3_17-09-2013_15,0
0_3_17-09-2013_18,0
0_3_17-09-2013_19,0
0_3_17-09-2013_20,0
0_3_17-09-2013_21,0
0_3_17-09-2013_22,0
0_3_17-09-2013_23,0
0_4_17-09-2013_16,0
0_4_17-09-2013_17,0
0_4_17-09-2013_18,0
0_4_17-09-2013_19,0
0_4_17-09-2013_20,0
0_4_17-09-2013_21,0
0_4_17-09-2013_22,0
0_4_17-09-2013_23,0
0_5_17-09-2013_10,0
0_5_17-09-2013_11,0
0_5_17-09-2013_12,0
0_5_17-09-2013_13,0
0_5_17-09-2013_14,0
0_5_17-09-2013_15,0
0_5_17-09-2013_16,0
0_5_17-09-2013_17,0
0_5_17-09-2013_18,0
0_5_17-09-2013_19,0
0_5_17-09-2013_20,0
0_5_17-09-2013_21,0
0_5_17-09-2013_22,0
0_5_17-09-2013_23,0
0_6_17-09-2013_1,0
0_6_17-09-2013_12,0
0_6_17-09-2013_13,1
0_6_17-09-2013_13,1
0_6_17-09-2013_14,1
0_6_17-09-2013_14,1
0_6_17-09-2013_15,1
0_6_17-09-2013_15,1
0_6_17-09-2013_16,1
0_6_17-09-2013_16,1
0_6_17-09-2013_17,0
0_6_17-09-2013_2,1
0_6_17-09-2013_2,1
0_7_17-09-2013_10,0
0_7_17-09-2013_11,0
0_7_17-09-2013_12,0
0_7_17-09-2013_2,0
0_7_17-09-2013_20,0
0_7_17-09-2013_21,1
0_7_17-09-2013_21,1
0_7_17-09-2013_22,0
0_7_17-09-2013_23,0
0_7_17-09-2013_3,0
0_7_17-09-2013_4,0
0_7_17-09-2013_5,0
0_7_17-09-2013_6,0
0_7_17-09-2013_7,0
0_7_17-09-2013_8,0
0_7_17-09-2013_9,0
0_8_17-09-2013_1,0
0_8_17-09-2013_2,0
0_8_17-09-2013_3,0
0_8_17-09-2013_4,0
0_8_17-09-2013_5,0
0_8_17-09-2013_6,0
0_9_17-09-2013_1,0
0_9_17-09-2013_10,0
0_9_17-09-2013_2,0
0_9_17-09-2013_20,1
0_9_17-09-2013_20,1
0_9_17-09-2013_21,1
0_9_17-09-2013_21,1
0_9_17-09-2013_22,0
0_9_17-09-2013_23,0
0_9_17-09-2013_3,0
0_9_17-09-2013_4,0
0_9_17-09-2013_5,1
0_9_17-09-2013_5,1
0_9_17-09-2013_6,1
0_9_17-09-2013_6,1
0_9_17-09-2013_7,1
0_9_17-09-2013_7,1
0_9_17-09-2013_8,0
0_9_17-09-2013_9,0
1_0_17-09-2013_0,0
1_0_17-09-2013_1,0
1_0_17-09-2013_10,0
1_0_17-09-2013_11,0
1_0_17-09-2013_12,0
1_0_17-09-2013_13,0
1_0_17-09-2013_14,0
1_0_17-09-2013_15,0
1_0_17-09-2013_16,0
1_0_17-09-2013_17,0
1_0_17-09-2013_18,0
1_0_17-09-2013_19,0
1_0_17-09-2013_2,0
1_0_17-09-2013_20,0
1_0_17-09-2013_21,0
1_0_17-09-2013_22,0
1_0_17-09-2013_23,0
1_0_17-09-2013_3,0
1_0_17-09-2013_4,0
1_0_17-09-2013_5,0
1_0_17-09-2013_6,0
1_0_17-09-2013_7,0
1_0_17-09-2013_8,0
1_0_17-09-2013_9,0
0_0_18-09-2013_1,0
0_0_18-09-2013_10,0
0_0_18-09-2013_11,0
0_0_18-09-2013_12,0
0_0_18-09-2013_13,0
0_0_18-09-2013_14,0
0_0_18-09-2013_15,0
0_0_18-09-2013_16,0
0_0_18-09-2013_17,0
0_0_18-09-2013_18,0
0_0_18-09-2013_19,0
0_0_18-09-2013_2,0
0_0_18-09-2013_20,0
0_0_18-09-2013_21,0
0_0_18-09-2013_22,0
0_0_18-09-2013_23,0
0_0_18-09-2013_3,0
0_0_18-09-2013_4,0
0_0_18-09-2013_5,0
0_0_18-09-2013_6,0
0_0_18-09-2013_7,0
0_0_18-09-2013_8,0
0_0_18-09-2013_9,0
0_1_18-09-2013_0,1
0_1_18-09-2013_0,1
0_1_18-09-2013_1,1
0_1_18-09-2013_1,1
0_1_18-09-2013_10,1
0_1_18-09-2013_10,1
0_1_18-09-2013_11,1
0_1_18-09-2013_11,1
0_1_18-09-2013_12,1
0_1_18-09-2013_12,1
0_1_18-09-2013_13,1
0_1_18-09-2013_13,1
0_1_18-09-2013_14,1
0_1_18-09-2013_14,1
0_1_18-09-2013_15,1
0_1_18-09-2013_15,1
0_1_18-09-2013_16,0
0_1_18-09-2013_17,1
0_1_18-09-2013_17,1
0_1_18-09-2013_18,1
0_1_18-09-2013_18,1
0_1_18-09-2013_19,1
0_1_18-09-2013_19,1
0_1_18-09-2013_2,1
0_1_18-09-2013_2,1
0_1_18-09-2013_20,1
0_1_18-09-2013_20,1
0_1_18-09-2013_21,1
0_1_18-09-2013_21,1
0_1_18-09-2013_22,0
0_1_18-09-2013_23,1
0_1_18-09-2013_23,1
0_1_18-09-2013_3,1
0_1_18-09-2013_3,1
0_1_18-09-2013_4,0
0_1_18-09-2013_5,0
0_1_18-09-2013_6,0
0_1_18-09-2013_7,1
0_1_18-09-2013_7,1
0_1_18-09-2013_8,1
0_1_18-09-2013_8,1
0_1_18-09-2013_9,1
0_1_18-09-2013_9,1
0_10_18-09-2013_1,0
0_10_18-09-2013_17,0
0_10_18-09-2013_18,0
0_10_18-09-2013_19,0
0_10_18-09-2013_2,0
0_10_18-09-2013_3,0
0_10_18-09-2013_4,0
0_11_18-09-2013_10,0
0_11_18-09-2013_11,0
0_11_18-09-2013_12,0
0_11_18-09-2013_4,0
0_11_18-09-2013_5,0
0_11_18-09-2013_6,0
0_11_18-09-2013_7,0
0_11_18-09-2013_8,0
0_11_18-09-2013_9,0
0_12_18-09-2013_14,0
0_12_18-09-2013_15,0
0_12_18-09-2013_16,0
0_12_18-09-2013_17,0
0_12_18-09-2013_18,0
0_12_18-09-2013_19,0
0_12_18-09-2013_20,0
0_12_18-09-2013_21,0
0_2_18-09-2013_22,0
0_2_18-09-2013_23,0
0_2_18-09-2013_6,0
0_2_18-09-2013_7,0
0_2_18-09-2013_8,0
0_2_18-09-2013_9,0
0_3_18-09-2013_1,0
0_3_18-09-2013_12,0
0_3_18-09-2013_13,0
0_3_18-09-2013_14,0
0_3_18-09-2013_15,0
0_3_18-09-2013_17,0
0_3_18-09-2013_18,0
0_3_18-09-2013_19,0
0_3_18-09-2013_2,0
0_3_18-09-2013_20,0
0_3_18-09-2013_21,0
0_3_18-09-2013_22,0
0_3_18-09-2013_23,0
0_4_18-09-2013_1,0
0_4_18-09-2013_2,0
0_4_18-09-2013_3,0
0_4_18-09-2013_4,0
0_4_18-09-2013_5,0
0_4_18-09-2013_6,0
0_4_18-09-2013_7,0
0_4_18-09-2013_8,0
0_4_18-09-2013_9,0
0_5_18-09-2013_1,0
0_5_18-09-2013_2,0
0_6_18-09-2013_10,0
0_6_18-09-2013_11,0
0_6_18-09-2013_12,0
0_6_18-09-2013_13,0
0_6_18-09-2013_14,0
0_6_18-09-2013_4,1
0_6_18-09-2013_4,1
0_6_18-09-2013_5,1
0_6_18-09-2013_5,1
0_6_18-09-2013_6,1
0_6_18-09-2013_6,1
0_6_18-09-2013_7,0
0_6_18-09-2013_8,0
0_6_18-09-2013_9,1
0_6_18-09-2013_9,1
0_8_18-09-2013_10,0
0_8_18-09-2013_11,0
0_8_18-09-2013_12,0
0_8_18-09-2013_13,0
0_8_18-09-2013_14,0
0_8_18-09-2013_15,0
0_8_18-09-2013_16,0
0_8_18-09-2013_17,0
0_8_18-09-2013_18,0
0_8_18-09-2013_19,0
0_8_18-09-2013_20,0
0_9_18-09-2013_1,0
0_9_18-09-2013_17,0
0_9_18-09-2013_18,0
0_9_18-09-2013_19,0
0_9_18-09-2013_2,0
0_9_18-09-2013_20,0
0_9_18-09-2013_21,1
0_9_18-09-2013_21,1
0_9_18-09-2013_22,1
0_9_18-09-2013_22,1
0_9_18-09-2013_23,1
0_9_18-09-2013_23,1
0_9_18-09-2013_3,0
0_9_18-09-2013_4,0
1_0_18-09-2013_0,0
1_0_18-09-2013_1,0
1_0_18-09-2013_10,0
1_0_18-09-2013_11,0
1_0_18-09-2013_12,0
1_0_18-09-2013_13,0
1_0_18-09-2013_14,0
1_0_18-09-2013_15,0
1_0_18-09-2013_16,0
1_0_18-09-2013_17,0
1_0_18-09-2013_18,0
1_0_18-09-2013_19,0
1_0_18-09-2013_2,0
1_0_18-09-2013_20,0
1_0_18-09-2013_21,0
1_0_18-09-2013_22,0
1_0_18-09-2013_23,0
1_0_18-09-2013_3,0
1_0_18-09-2013_4,0
1_0_18-09-2013_5,0
1_0_18-09-2013_6,0
1_0_18-09-2013_7,0
1_0_18-09-2013_8,0
1_0_18-09-2013_9,0
0_0_01-09-2013_0,0
0_0_01-09-2013_1,0
0_0_01-09-2013_10,0
0_0_01-09-2013_11,0
0_0_01-09-2013_12,0
0_0_01-09-2013_13,0
0_0_01-09-2013_14,0
0_0_01-09-2013_15,0
0_0_01-09-2013_16,0
0_0_01-09-2013_17,0
0_0_01-09-2013_18,0
0_0_01-09-2013_19,0
0_0_01-09-2013_2,0
0_0_01-09-2013_20,0
0_0_01-09-2013_21,0
0_0_01-09-2013_22,0
0_0_01-09-2013_23,0
0_0_01-09-2013_3,0
0_0_01-09-2013_4,0
0_0_01-09-2013_5,0
0_0_01-09-2013_6,0
0_0_01-09-2013_7,0
0_0_01-09-2013_8,0
0_0_01-09-2013_9,0
0_1_01-09-2013_10,1
0_1_01-09-2013_10,1
0_1_01-09-2013_11,1
0_1_01-09-2013_11,1
0_1_01-09-2013_12,1
0_1_01-09-2013_12,1
0_1_01-09-2013_13,1
0_1_01-09-2013_13,1
0_1_01-09-2013_14,1
0_1_01-09-2013_14,1
0_1_01-09-2013_15,1
0_1_01-09-2013_15,1
0_1_01-09-2013_16,1
0_1_01-09-2013_16,1
0_1_01-09-2013_17,1
0_1_01-09-2013_17,1
0_1_01-09-2013_18,1
0_1_01-09-2013_18,1
0_1_01-09-2013_19,1
0_1_01-09-2013_19,1
0_1_01-09-2013_20,1
0_1_01-09-2013_20,1
0_1_01-09-2013_21,0
0_1_01-09-2013_22,0
0_1_01-09-2013_23,1
0_1_01-09-2013_23,1
0_1_01-09-2013_3,1
0_1_01-09-2013_3,1
0_1_01-09-2013_3,1
0_1_01-09-2013_4,1
0_1_01-09-2013_4,1
0_1_01-09-2013_5,1
0_1_01-09-2013_5,1
0_1_01-09-2013_6,0
0_1_01-09-2013_7,1
0_1_01-09-2013_7,1
0_1_01-09-2013_8,1
0_1_01-09-2013_8,1
0_1_01-09-2013_9,1
0_1_01-09-2013_9,1
0_10_01-09-2013_17,0
0_10_01-09-2013_18,0
0_10_01-09-2013_19,0
0_10_01-09-2013_20,0
0_10_01-09-2013_3,0
0_10_01-09-2013_4,0
0_10_01-09-2013_5,0
0_10_01-09-2013_6,0
0_10_01-09-2013_7,0
0_11_01-09-2013_19,0
0_11_01-09-2013_20,0
0_11_01-09-2013_21,0
0_11_01-09-2013_22,0
0_11_01-09-2013_23,0
0_11_01-09-2013_3,0
0_11_01-09-2013_4,0
0_11_01-09-2013_5,0
0_11_01-09-2013_6,0
0_13_01-09-2013_10,1
0_13_01-09-2013_10,1
0_13_01-09-2013_11,1
0_13_01-09-2013_11,1
0_13_01-09-2013_12,0
0_13_01-09-2013_22,0
0_13_01-09-2013_23,0
0_13_01-09-2013_3,1
0_13_01-09-2013_4,0
0_13_01-09-2013_5,0
0_13_01-09-2013_7,0
0_13_01-09-2013_8,0
0_13_01-09-2013_9,0
0_2_01-09-2013_14,0
0_2_01-09-2013_15,0
0_2_01-09-2013_16,0
0_2_01-09-2013_17,0
0_2_01-09-2013_18,0
0_2_01-09-2013_19,0
0_2_01-09-2013_20,0
0_2_01-09-2013_21,0
0_2_01-09-2013_22,0
0_2_01-09-2013_23,0
0_3_01-09-2013_10,0
0_3_01-09-2013_3,1
0_3_01-09-2013_4,0
0_3_01-09-2013_5,0
0_3_01-09-2013_6,0
0_3_01-09-2013_7,0
0_3_01-09-2013_8,0
0_3_01-09-2013_9,0
0_4_01-09-2013_14,0
0_4_01-09-2013_15,0
0_4_01-09-2013_16,0
0_4_01-09-2013_17,0
0_5_01-09-2013_10,0
0_5_01-09-2013_11,0
0_5_01-09-2013_12,0
0_5_01-09-2013_13,0
0_5_01-09-2013_14,0
0_5_01-09-2013_6,0
0_5_01-09-2013_7,0
0_5_01-09-2013_8,0
0_5_01-09-2013_9,0
0_6_01-09-2013_19,0
0_6_01-09-2013_20,0
0_6_01-09-2013_21,1
0_6_01-09-2013_21,1
0_6_01-09-2013_22,1
0_6_01-09-2013_22,1
0_8_01-09-2013_19,0
0_8_01-09-2013_20,0
0_8_01-09-2013_21,0
0_8_01-09-2013_22,0
0_8_01-09-2013_23,0
0_8_01-09-2013_6,1
0_8_01-09-2013_6,1
0_8_01-09-2013_7,0
0_8_01-09-2013_8,0
0_8_01-09-2013_9,0
0_9_01-09-2013_3,0
0_9_01-09-2013_4,0
0_9_01-09-2013_5,0
0_9_01-09-2013_6,0
0_9_01-09-2013_7,0
0_9_01-09-2013_8,0
1_0_01-09-2013_10,0
1_0_01-09-2013_11,0
1_0_01-09-2013_12,0
1_0_01-09-2013_13,0
1_0_01-09-2013_14,0
1_0_01-09-2013_15,0
1_0_01-09-2013_16,0
1_0_01-09-2013_17,0
1_0_01-09-2013_18,0
1_0_01-09-2013_19,0
1_0_01-09-2013_20,0
1_0_01-09-2013_21,0
1_0_01-09-2013_22,0
1_0_01-09-2013_23,0
1_0_01-09-2013_3,0
1_0_01-09-2013_4,0
1_0_01-09-2013_5,0
1_0_01-09-2013_6,0
1_0_01-09-2013_7,0
1_0_01-09-2013_8,0
1_0_01-09-2013_9,0
2_0_01-09-2013_10,0
2_0_01-09-2013_11,0
2_0_01-09-2013_12,0
2_0_01-09-2013_13,0
2_0_01-09-2013_14,0
2_0_01-09-2013_15,0
2_0_01-09-2013_16,0
2_0_01-09-2013_17,0
2_0_01-09-2013_18,0
2_0_01-09-2013_19,0
2_0_01-09-2013_20,0
2_0_01-09-2013_21,0
2_0_01-09-2013_22,0
2_0_01-09-2013_23,0
2_0_01-09-2013_3,0
2_0_01-09-2013_4,0
2_0_01-09-2013_5,0
2_0_01-09-2013_6,0
2_0_01-09-2013_7,0
2_0_01-09-2013_8,0
2_0_01-09-2013_9,0
0_0_19-09-2013_1,0
0_0_19-09-2013_10,0
0_0_19-09-2013_11,0
0_0_19-09-2013_12,0
0_0_19-09-2013_13,0
0_0_19-09-2013_14,0
0_0_19-09-2013_15,0
0_0_19-09-2013_16,0
0_0_19-09-2013_17,0
0_0_19-09-2013_18,0
0_0_19-09-2013_19,0
0_0_19-09-2013_2,0
0_0_19-09-2013_20,0
0_0_19-09-2013_21,0
0_0_19-09-2013_22,0
0_0_19-09-2013_23,0
0_0_19-09-2013_3,0
0_0_19-09-2013_4,0
0_0_19-09-2013_5,0
0_0_19-09-2013_6,0
0_0_19-09-2013_7,0
0_0_19-09-2013_8,0
0_0_19-09-2013_9,0
0_1_19-09-2013_0,1
0_1_19-09-2013_0,1
0_1_19-09-2013_1,0
0_1_19-09-2013_10,1
0_1_19-09-2013_10,1
0_1_19-09-2013_11,1
0_1_19-09-2013_11,1
0_1_19-09-2013_12,1
0_1_19-09-2013_12,1
0_1_19-09-2013_13,1
0_1_19-09-2013_13,1
0_1_19-09-2013_14,1
0_1_19-09-2013_14,1
0_1_19-09-2013_15,1
0_1_19-09-2013_15,1
0_1_19-09-2013_16,1
0_1_19-09-2013_16,1
0_1_19-09-2013_17,1
0_1_19-09-2013_17,1
0_1_19-09-2013_18,1
0_1_19-09-2013_18,1
0_1_19-09-2013_2,0
0_1_19-09-2013_3,0
0_1_19-09-2013_4,0
0_1_19-09-2013_5,0
0_1_19-09-2013_6,1
0_1_19-09-2013_6,1
0_1_19-09-2013_7,1
0_1_19-09-2013_7,1
0_1_19-09-2013_8,1
0_1_19-09-2013_8,1
0_1_19-09-2013_9,1
0_1_19-09-2013_9,1
0_10_19-09-2013_10,0
0_10_19-09-2013_11,0
0_10_19-09-2013_8,0
0_10_19-09-2013_9,0
0_11_19-09-2013_11,0
0_11_19-09-2013_12,0
0_11_19-09-2013_13,0
0_11_19-09-2013_14,0
0_11_19-09-2013_15,0
0_11_19-09-2013_16,0
0_11_19-09-2013_17,0
0_11_19-09-2013_18,0
0_11_19-09-2013_19,0
0_12_19-09-2013_10,0
0_12_19-09-2013_15,0
0_12_19-09-2013_16,0
0_12_19-09-2013_17,0
0_12_19-09-2013_18,0
0_12_19-09-2013_19,0
0_12_19-09-2013_20,0
0_12_19-09-2013_21,1
0_12_19-09-2013_21,1
0_12_19-09-2013_8,0
0_12_19-09-2013_9,0
0_3_19-09-2013_1,0
0_4_19-09-2013_10,0
0_4_19-09-2013_11,0
0_4_19-09-2013_12,0
0_4_19-09-2013_3,0
0_4_19-09-2013_4,0
0_4_19-09-2013_5,0
0_4_19-09-2013_6,0
0_4_19-09-2013_7,0
0_4_19-09-2013_8,0
0_4_19-09-2013_9,0
0_6_19-09-2013_1,1
0_6_19-09-2013_1,1
0_6_19-09-2013_10,0
0_6_19-09-2013_11,0
0_6_19-09-2013_2,0
0_6_19-09-2013_3,1
0_6_19-09-2013_3,1
0_6_19-09-2013_4,0
0_6_19-09-2013_5,1
0_6_19-09-2013_5,1
0_6_19-09-2013_6,0
0_6_19-09-2013_7,0
0_6_19-09-2013_8,0
0_6_19-09-2013_9,0
0_7_19-09-2013_13,0
0_7_19-09-2013_14,0
0_7_19-09-2013_15,0
0_7_19-09-2013_16,0
0_7_19-09-2013_17,0
0_7_19-09-2013_18,0
0_7_19-09-2013_19,0
0_7_19-09-2013_20,0
0_7_19-09-2013_21,0
0_7_19-09-2013_22,0
0_7_19-09-2013_23,0
0_8_19-09-2013_12,0
0_8_19-09-2013_13,0
0_8_19-09-2013_14,0
0_8_19-09-2013_15,0
0_9_19-09-2013_1,0
0_9_19-09-2013_16,0
0_9_19-09-2013_17,0
0_9_19-09-2013_18,0
0_9_19-09-2013_19,1
0_9_19-09-2013_19,1
0_9_19-09-2013_2,0
0_9_19-09-2013_20,1
0_9_19-09-2013_20,1
0_9_19-09-2013_21,1
0_9_19-09-2013_21,1
0_9_19-09-2013_22,1
0_9_19-09-2013_22,1
0_9_19-09-2013_23,0
0_9_19-09-2013_3,0
0_9_19-09-2013_4,0
0_9_19-09-2013_5,0
0_9_19-09-2013_6,0
1_0_19-09-2013_0,0
1_0_19-09-2013_1,0
1_0_19-09-2013_10,0
1_0_19-09-2013_11,0
1_0_19-09-2013_12,0
1_0_19-09-2013_13,0
1_0_19-09-2013_14,0
1_0_19-09-2013_15,0
1_0_19-09-2013_16,0
1_0_19-09-2013_17,0
1_0_19-09-2013_18,0
1_0_19-09-2013_19,0
1_0_19-09-2013_2,0
1_0_19-09-2013_20,0
1_0_19-09-2013_21,0
1_0_19-09-2013_22,0
1_0_19-09-2013_23,0
1_0_19-09-2013_3,0
1_0_19-09-2013_4,0
1_0_19-09-2013_5,0
1_0_19-09-2013_6,0
1_0_19-09-2013_7,0
1_0_19-09-2013_8,0
1_0_19-09-2013_9,0
0_0_20-09-2013_1,0
0_0_20-09-2013_10,0
0_0_20-09-2013_11,0
0_0_20-09-2013_12,0
0_0_20-09-2013_13,0
0_0_20-09-2013_2,0
0_0_20-09-2013_3,0
0_0_20-09-2013_4,0
0_0_20-09-2013_5,0
0_0_20-09-2013_6,0
0_0_20-09-2013_7,0
0_0_20-09-2013_8,0
0_0_20-09-2013_9,0
0_10_20-09-2013_10,1
0_10_20-09-2013_10,1
0_10_20-09-2013_2,0
0_10_20-09-2013_3,0
0_10_20-09-2013_4,0
0_10_20-09-2013_5,0
0_10_20-09-2013_6,0
0_10_20-09-2013_7,0
0_10_20-09-2013_8,1
0_10_20-09-2013_8,1
0_10_20-09-2013_9,0
0_12_20-09-2013_12,0
0_12_20-09-2013_13,1
0_12_20-09-2013_13,1
0_5_20-09-2013_1,0
0_5_20-09-2013_10,0
0_5_20-09-2013_11,0
0_5_20-09-2013_12,0
0_5_20-09-2013_2,0
0_5_20-09-2013_3,0
0_5_20-09-2013_4,0
0_5_20-09-2013_5,0
0_5_20-09-2013_6,0
0_5_20-09-2013_7,0
0_5_20-09-2013_8,0
0_5_20-09-2013_9,0
0_6_20-09-2013_10,0
0_6_20-09-2013_11,1
0_6_20-09-2013_11,1
0_6_20-09-2013_12,1
0_6_20-09-2013_12,1
0_6_20-09-2013_2,1
0_6_20-09-2013_2,1
0_6_20-09-2013_3,1
0_6_20-09-2013_3,1
0_6_20-09-2013_4,1
0_6_20-09-2013_4,1
0_6_20-09-2013_5,1
0_6_20-09-2013_5,1
0_6_20-09-2013_6,1
0_6_20-09-2013_6,1
0_6_20-09-2013_7,1
0_6_20-09-2013_7,1
0_6_20-09-2013_8,0
0_6_20-09-2013_9,1
0_6_20-09-2013_9,1
0_7_20-09-2013_12,0
0_7_20-09-2013_13,0
0_7_20-09-2013_5,0
0_7_20-09-2013_6,0
0_7_20-09-2013_7,0
0_8_20-09-2013_6,1
0_8_20-09-2013_6,1
0_8_20-09-2013_7,0
0_8_20-09-2013_8,1
0_8_20-09-2013_8,1
0_8_20-09-2013_9,0
0_9_20-09-2013_0,1
0_9_20-09-2013_0,1
0_9_20-09-2013_1,1
0_9_20-09-2013_1,1
0_9_20-09-2013_2,0
1_0_20-09-2013_0,0
1_0_20-09-2013_1,0
1_0_20-09-2013_10,0
1_0_20-09-2013_11,0
1_0_20-09-2013_12,0
1_0_20-09-2013_13,0
1_0_20-09-2013_2,0
1_0_20-09-2013_3,0
1_0_20-09-2013_4,0
1_0_20-09-2013_5,0
1_0_20-09-2013_6,0
1_0_20-09-2013_7,0
1_0_20-09-2013_8,0
1_0_20-09-2013_9,0
0_0_21-09-2013_17,0
0_0_21-09-2013_18,0
0_0_21-09-2013_19,0
0_0_21-09-2013_20,0
0_0_21-09-2013_21,0
0_0_21-09-2013_22,0
0_0_21-09-2013_23,0
0_10_21-09-2013_21,0
0_10_21-09-2013_22,1
0_10_21-09-2013_22,1
0_10_21-09-2013_23,1
0_10_21-09-2013_23,1
0_12_21-09-2013_17,0
0_12_21-09-2013_18,1
0_12_21-09-2013_18,1
0_12_21-09-2013_19,1
0_12_21-09-2013_19,1
0_12_21-09-2013_20,1
0_12_21-09-2013_20,1
0_12_21-09-2013_21,1
0_12_21-09-2013_21,1
0_12_21-09-2013_22,1
0_12_21-09-2013_22,1
0_12_21-09-2013_23,1
0_12_21-09-2013_23,1
0_4_21-09-2013_20,0
0_4_21-09-2013_21,0
0_4_21-09-2013_22,0
0_4_21-09-2013_23,0
0_7_21-09-2013_17,0
0_7_21-09-2013_18,0
1_0_21-09-2013_17,0
1_0_21-09-2013_18,0
1_0_21-09-2013_19,0
1_0_21-09-2013_20,0
1_0_21-09-2013_21,0
1_0_21-09-2013_22,0
1_0_21-09-2013_23,0
0_0_22-09-2013_1,0
0_0_22-09-2013_10,0
0_0_22-09-2013_11,0
0_0_22-09-2013_12,0
0_0_22-09-2013_13,1
0_0_22-09-2013_13,1
0_0_22-09-2013_14,0
0_0_22-09-2013_15,0
0_0_22-09-2013_16,0
0_0_22-09-2013_17,0
0_0_22-09-2013_18,0
0_0_22-09-2013_19,0
0_0_22-09-2013_2,1
0_0_22-09-2013_2,1
0_0_22-09-2013_20,0
0_0_22-09-2013_21,0
0_0_22-09-2013_22,0
0_0_22-09-2013_23,0
0_0_22-09-2013_3,1
0_0_22-09-2013_3,1
0_0_22-09-2013_4,0
0_0_22-09-2013_5,1
0_0_22-09-2013_5,1
0_0_22-09-2013_6,0
0_0_22-09-2013_7,0
0_0_22-09-2013_8,0
0_0_22-09-2013_9,0
0_1_22-09-2013_20,0
0_1_22-09-2013_21,0
0_1_22-09-2013_22,0
0_1_22-09-2013_23,0
0_10_22-09-2013_10,1
0_10_22-09-2013_10,1
0_10_22-09-2013_7,1
0_10_22-09-2013_7,1
0_10_22-09-2013_8,1
0_10_22-09-2013_8,1
0_10_22-09-2013_9,1
0_10_22-09-2013_9,1
0_11_22-09-2013_4,0
0_11_22-09-2013_5,0
0_11_22-09-2013_6,0
0_11_22-09-2013_7,0
0_11_22-09-2013_8,0
0_11_22-09-2013_9,0
0_2_22-09-2013_10,1
0_2_22-09-2013_10,1
0_2_22-09-2013_11,0
0_2_22-09-2013_12,0
0_2_22-09-2013_13,0
0_2_22-09-2013_14,0
0_2_22-09-2013_15,0
0_2_22-09-2013_16,0
0_2_22-09-2013_17,0
0_2_22-09-2013_18,0
0_3_22-09-2013_10,0
0_3_22-09-2013_11,1
0_3_22-09-2013_11,1
0_3_22-09-2013_12,0
0_3_22-09-2013_13,0
0_3_22-09-2013_14,0
0_3_22-09-2013_4,1
0_3_22-09-2013_4,1
0_3_22-09-2013_5,0
0_3_22-09-2013_6,0
0_3_22-09-2013_7,1
0_3_22-09-2013_7,1
0_3_22-09-2013_8,0
0_3_22-09-2013_9,0
0_4_22-09-2013_1,0
0_4_22-09-2013_10,0
0_4_22-09-2013_2,0
0_4_22-09-2013_3,0
0_4_22-09-2013_4,0
0_4_22-09-2013_5,0
0_4_22-09-2013_6,0
0_4_22-09-2013_7,0
0_4_22-09-2013_8,0
0_4_22-09-2013_9,0
0_5_22-09-2013_2,0
0_5_22-09-2013_3,0
0_5_22-09-2013_4,0
0_5_22-09-2013_5,0
0_6_22-09-2013_15,1
0_6_22-09-2013_15,1
0_6_22-09-2013_16,1
0_6_22-09-2013_16,1
0_6_22-09-2013_17,1
0_6_22-09-2013_17,1
0_6_22-09-2013_18,1
0_6_22-09-2013_18,1
0_6_22-09-2013_19,0
0_6_22-09-2013_20,1
0_6_22-09-2013_20,1
0_6_22-09-2013_21,1
0_6_22-09-2013_21,1
0_6_22-09-2013_22,1
0_6_22-09-2013_22,1
0_6_22-09-2013_23,1
0_6_22-09-2013_23,1
0_8_22-09-2013_10,0
0_8_22-09-2013_11,0
0_8_22-09-2013_14,0
0_8_22-09-2013_15,0
0_8_22-09-2013_16,0
0_8_22-09-2013_17,0
0_8_22-09-2013_18,0
0_8_22-09-2013_19,0
0_8_22-09-2013_4,0
0_8_22-09-2013_5,1
0_8_22-09-2013_5,1
0_8_22-09-2013_6,1
0_8_22-09-2013_6,1
0_8_22-09-2013_7,0
0_8_22-09-2013_8,1
0_8_22-09-2013_8,1
0_8_22-09-2013_9,1
0_8_22-09-2013_9,1
0_9_22-09-2013_0,1
0_9_22-09-2013_0,1
0_9_22-09-2013_1,0
0_9_22-09-2013_18,1
0_9_22-09-2013_18,1
0_9_22-09-2013_19,0
0_9_22-09-2013_2,1
0_9_22-09-2013_2,1
0_9_22-09-2013_20,1
0_9_22-09-2013_20,1
0_9_22-09-2013_21,0
0_9_22-09-2013_22,0
0_9_22-09-2013_23,0
1_0_22-09-2013_0,0
1_0_22-09-2013_1,0
1_0_22-09-2013_10,0
1_0_22-09-2013_11,0
1_0_22-09-2013_12,0
1_0_22-09-2013_13,0
1_0_22-09-2013_14,0
1_0_22-09-2013_15,0
1_0_22-09-2013_16,0
1_0_22-09-2013_17,0
1_0_22-09-2013_18,0
1_0_22-09-2013_19,0
1_0_22-09-2013_2,0
1_0_22-09-2013_20,0
1_0_22-09-2013_21,0
1_0_22-09-2013_22,0
1_0_22-09-2013_23,0
1_0_22-09-2013_3,0
1_0_22-09-2013_4,0
1_0_22-09-2013_5,0
1_0_22-09-2013_6,0
1_0_22-09-2013_7,0
1_0_22-09-2013_8,0
1_0_22-09-2013_9,0
0_0_23-09-2013_1,0
0_0_23-09-2013_10,0
0_0_23-09-2013_11,1
0_0_23-09-2013_11,1
0_0_23-09-2013_12,0
0_0_23-09-2013_13,1
0_0_23-09-2013_13,1
0_0_23-09-2013_14,1
0_0_23-09-2013_14,1
0_0_23-09-2013_15,1
0_0_23-09-2013_15,1
0_0_23-09-2013_16,1
0_0_23-09-2013_16,1
0_0_23-09-2013_17,0
0_0_23-09-2013_18,0
0_0_23-09-2013_19,0
0_0_23-09-2013_2,0
0_0_23-09-2013_20,0
0_0_23-09-2013_21,0
0_0_23-09-2013_22,0
0_0_23-09-2013_23,0
0_0_23-09-2013_3,0
0_0_23-09-2013_4,0
0_0_23-09-2013_5,0
0_0_23-09-2013_6,0
0_0_23-09-2013_7,0
0_0_23-09-2013_8,0
0_0_23-09-2013_9,0
0_1_23-09-2013_1,0
0_1_23-09-2013_19,1
0_1_23-09-2013_19,1
0_1_23-09-2013_2,0
0_1_23-09-2013_20,0
0_1_23-09-2013_21,0
0_1_23-09-2013_22,0
0_1_23-09-2013_23,0
0_1_23-09-2013_3,0
0_1_23-09-2013_4,1
0_1_23-09-2013_4,1
0_10_23-09-2013_10,1
0_10_23-09-2013_10,1
0_10_23-09-2013_11,1
0_10_23-09-2013_11,1
0_10_23-09-2013_12,0
0_10_23-09-2013_13,1
0_10_23-09-2013_13,1
0_10_23-09-2013_14,1
0_10_23-09-2013_14,1
0_10_23-09-2013_15,1
0_10_23-09-2013_15,1
0_10_23-09-2013_16,1
0_10_23-09-2013_16,1
0_10_23-09-2013_17,0
0_10_23-09-2013_9,1
0_10_23-09-2013_9,1
0_11_23-09-2013_11,0
0_11_23-09-2013_12,0
0_11_23-09-2013_13,0
0_11_23-09-2013_14,0
0_11_23-09-2013_15,0
0_11_23-09-2013_16,0
0_11_23-09-2013_17,0
0_11_23-09-2013_18,0
0_11_23-09-2013_19,0
0_12_23-09-2013_1,0
0_12_23-09-2013_10,0
0_12_23-09-2013_11,1
0_12_23-09-2013_11,1
0_12_23-09-2013_2,0
0_12_23-09-2013_3,0
0_12_23-09-2013_4,0
0_12_23-09-2013_5,0
0_12_23-09-2013_6,0
0_12_23-09-2013_9,0
0_2_23-09-2013_20,0
0_2_23-09-2013_21,0
0_2_23-09-2013_22,0
0_2_23-09-2013_23,0
0_3_23-09-2013_11,0
0_3_23-09-2013_12,0
0_3_23-09-2013_13,0
0_4_23-09-2013_10,0
0_4_23-09-2013_11,0
0_4_23-09-2013_12,0
0_4_23-09-2013_13,0
0_4_23-09-2013_14,0
0_4_23-09-2013_15,0
0_4_23-09-2013_16,0
0_4_23-09-2013_17,0
0_4_23-09-2013_18,0
0_4_23-09-2013_4,0
0_4_23-09-2013_5,0
0_4_23-09-2013_6,0
0_4_23-09-2013_7,0
0_4_23-09-2013_8,0
0_4_23-09-2013_9,0
0_5_23-09-2013_20,0
0_5_23-09-2013_21,0
0_5_23-09-2013_22,0
0_5_23-09-2013_23,0
0_6_23-09-2013_0,1
0_6_23-09-2013_0,1
0_6_23-09-2013_1,1
0_6_23-09-2013_1,1
0_6_23-09-2013_19,0
0_6_23-09-2013_20,1
0_6_23-09-2013_20,1
0_6_23-09-2013_21,0
0_6_23-09-2013_22,1
0_6_23-09-2013_22,1
0_6_23-09-2013_23,1
0_6_23-09-2013_23,1
0_7_23-09-2013_14,0
0_7_23-09-2013_15,0
0_7_23-09-2013_16,0
0_7_23-09-2013_17,0
0_7_23-09-2013_18,1
0_7_23-09-2013_18,1
0_7_23-09-2013_19,0
0_7_23-09-2013_20,0
0_7_23-09-2013_21,0
0_7_23-09-2013_22,0
0_7_23-09-2013_23,0
0_8_23-09-2013_11,1
0_8_23-09-2013_11,1
0_8_23-09-2013_12,1
0_8_23-09-2013_12,1
0_8_23-09-2013_13,1
0_8_23-09-2013_13,1
0_8_23-09-2013_14,1
0_8_23-09-2013_14,1
0_8_23-09-2013_15,1
0_8_23-09-2013_15,1
0_8_23-09-2013_16,1
0_8_23-09-2013_16,1
0_8_23-09-2013_17,0
0_8_23-09-2013_18,0
0_8_23-09-2013_23,0
0_8_23-09-2013_5,0
0_8_23-09-2013_6,0
0_8_23-09-2013_7,1
0_8_23-09-2013_7,1
0_8_23-09-2013_8,1
0_8_23-09-2013_8,1
0_9_23-09-2013_1,1
0_9_23-09-2013_1,1
0_9_23-09-2013_10,1
0_9_23-09-2013_10,1
0_9_23-09-2013_11,1
0_9_23-09-2013_11,1
0_9_23-09-2013_12,0
0_9_23-09-2013_13,1
0_9_23-09-2013_13,1
0_9_23-09-2013_14,1
0_9_23-09-2013_14,1
0_9_23-09-2013_17,0
0_9_23-09-2013_18,0
0_9_23-09-2013_19,0
0_9_23-09-2013_20,0
0_9_23-09-2013_21,1
0_9_23-09-2013_21,1
0_9_23-09-2013_22,1
0_9_23-09-2013_22,1
0_9_23-09-2013_9,1
0_9_23-09-2013_9,1
1_0_23-09-2013_0,0
1_0_23-09-2013_1,0
1_0_23-09-2013_10,0
1_0_23-09-2013_11,0
1_0_23-09-2013_12,0
1_0_23-09-2013_13,0
1_0_23-09-2013_14,0
1_0_23-09-2013_15,0
1_0_23-09-2013_16,0
1_0_23-09-2013_17,0
1_0_23-09-2013_18,0
1_0_23-09-2013_2,0
1_0_23-09-2013_3,0
1_0_23-09-2013_4,0
1_0_23-09-2013_5,0
1_0_23-09-2013_6,0
1_0_23-09-2013_7,0
1_0_23-09-2013_8,0
1_0_23-09-2013_9,0
0_0_24-09-2013_1,0
0_0_24-09-2013_10,0
0_0_24-09-2013_11,0
0_0_24-09-2013_12,0
0_0_24-09-2013_13,0
0_0_24-09-2013_14,0
0_0_24-09-2013_15,0
0_0_24-09-2013_16,0
0_0_24-09-2013_17,0
0_0_24-09-2013_18,0
0_0_24-09-2013_19,0
0_0_24-09-2013_2,0
0_0_24-09-2013_20,0
0_0_24-09-2013_21,0
0_0_24-09-2013_22,0
0_0_24-09-2013_23,0
0_0_24-09-2013_3,0
0_0_24-09-2013_4,0
0_0_24-09-2013_5,0
0_0_24-09-2013_6,0
0_0_24-09-2013_7,0
0_0_24-09-2013_8,0
0_0_24-09-2013_9,0
0_10_24-09-2013_18,0
0_10_24-09-2013_19,0
0_10_24-09-2013_20,0
0_10_24-09-2013_21,0
0_10_24-09-2013_22,1
0_10_24-09-2013_22,1
0_10_24-09-2013_23,0
0_12_24-09-2013_11,0
0_12_24-09-2013_12,0
0_12_24-09-2013_13,0
0_12_24-09-2013_14,0
0_12_24-09-2013_15,1
0_12_24-09-2013_15,1
0_12_24-09-2013_16,0
0_12_24-09-2013_3,0
0_12_24-09-2013_4,0
0_12_24-09-2013_5,0
0_12_24-09-2013_6,0
0_2_24-09-2013_1,0
0_5_24-09-2013_1,0
0_5_24-09-2013_17,0
0_5_24-09-2013_18,0
0_5_24-09-2013_19,0
0_5_24-09-2013_2,0
0_5_24-09-2013_20,0
0_5_24-09-2013_21,0
0_5_24-09-2013_22,0
0_5_24-09-2013_23,0
0_5_24-09-2013_3,0
0_5_24-09-2013_4,0
0_6_24-09-2013_0,1
0_6_24-09-2013_0,1
0_6_24-09-2013_1,1
0_6_24-09-2013_1,1
0_6_24-09-2013_16,0
0_6_24-09-2013_17,1
0_6_24-09-2013_17,1
0_6_24-09-2013_18,1
0_6_24-09-2013_18,1
0_6_24-09-2013_19,1
0_6_24-09-2013_19,1
0_6_24-09-2013_2,1
0_6_24-09-2013_2,1
0_6_24-09-2013_20,1
0_6_24-09-2013_20,1
0_6_24-09-2013_21,1
0_6_24-09-2013_21,1
0_6_24-09-2013_3,1
0_6_24-09-2013_3,1
0_7_24-09-2013_0,1
0_7_24-09-2013_0,1
0_8_24-09-2013_1,0
0_8_24-09-2013_12,1
0_8_24-09-2013_12,1
0_8_24-09-2013_13,1
0_8_24-09-2013_13,1
0_8_24-09-2013_14,1
0_8_24-09-2013_14,1
0_8_24-09-2013_15,1
0_8_24-09-2013_15,1
0_8_24-09-2013_16,0
0_8_24-09-2013_17,0
0_8_24-09-2013_18,0
0_8_24-09-2013_19,0
0_8_24-09-2013_2,0
0_8_24-09-2013_20,0
0_9_24-09-2013_19,0
0_9_24-09-2013_20,1
0_9_24-09-2013_20,1
0_9_24-09-2013_21,1
0_9_24-09-2013_21,1
0_9_24-09-2013_22,1
0_9_24-09-2013_22,1
0_9_24-09-2013_23,0
0_9_24-09-2013_3,1
0_9_24-09-2013_3,1
0_9_24-09-2013_4,1
0_9_24-09-2013_4,1
0_9_24-09-2013_5,1
0_9_24-09-2013_5,1
0_9_24-09-2013_6,0
0_0_25-09-2013_1,0
0_0_25-09-2013_10,0
0_0_25-09-2013_11,0
0_0_25-09-2013_12,0
0_0_25-09-2013_13,0
0_0_25-09-2013_14,0
0_0_25-09-2013_15,0
0_0_25-09-2013_16,0
0_0_25-09-2013_17,0
0_0_25-09-2013_18,0
0_0_25-09-2013_19,0
0_0_25-09-2013_2,0
0_0_25-09-2013_20,0
0_0_25-09-2013_21,0
0_0_25-09-2013_22,0
0_0_25-09-2013_23,0
0_0_25-09-2013_3,1
0_0_25-09-2013_3,1
0_0_25-09-2013_4,1
0_0_25-09-2013_4,1
0_0_25-09-2013_5,1
0_0_25-09-2013_5,1
0_0_25-09-2013_6,1
0_0_25-09-2013_6,1
0_0_25-09-2013_7,0
0_0_25-09-2013_8,0
0_0_25-09-2013_9,0
0_1_25-09-2013_10,0
0_1_25-09-2013_11,1
0_1_25-09-2013_11,1
0_1_25-09-2013_12,0
0_1_25-09-2013_13,1
0_1_25-09-2013_13,1
0_1_25-09-2013_14,1
0_1_25-09-2013_14,1
0_1_25-09-2013_15,0
0_1_25-09-2013_16,1
0_1_25-09-2013_16,1
0_1_25-09-2013_17,0
0_1_25-09-2013_18,1
0_1_25-09-2013_18,1
0_1_25-09-2013_7,1
0_1_25-09-2013_7,1
0_1_25-09-2013_8,1
0_1_25-09-2013_8,1
0_1_25-09-2013_9,1
0_1_25-09-2013_9,1
0_10_25-09-2013_1,0
0_10_25-09-2013_15,0
0_10_25-09-2013_16,0
0_10_25-09-2013_17,0
0_10_25-09-2013_18,0
0_10_25-09-2013_2,0
0_11_25-09-2013_1,0
0_11_25-09-2013_2,0
0_11_25-09-2013_3,0
0_11_25-09-2013_4,0
0_11_25-09-2013_5,0
0_11_25-09-2013_6,0
0_11_25-09-2013_7,0
0_11_25-09-2013_8,0
0_12_25-09-2013_2,0
0_12_25-09-2013_3,0
0_12_25-09-2013_4,0
0_12_25-09-2013_5,0
0_2_25-09-2013_10,0
0_2_25-09-2013_11,0
0_2_25-09-2013_12,0
0_2_25-09-2013_13,0
0_2_25-09-2013_14,0
0_2_25-09-2013_15,0
0_2_25-09-2013_16,0
0_2_25-09-2013_5,0
0_2_25-09-2013_6,0
0_2_25-09-2013_7,0
0_2_25-09-2013_8,0
0_2_25-09-2013_9,0
0_3_25-09-2013_10,0
0_3_25-09-2013_11,0
0_3_25-09-2013_12,0
0_3_25-09-2013_13,0
0_3_25-09-2013_2,0
0_3_25-09-2013_3,0
0_3_25-09-2013_4,0
0_3_25-09-2013_5,1
0_3_25-09-2013_5,1
0_3_25-09-2013_6,0
0_3_25-09-2013_7,0
0_3_25-09-2013_8,0
0_3_25-09-2013_9,0
0_4_25-09-2013_10,0
0_4_25-09-2013_11,0
0_4_25-09-2013_12,0
0_4_25-09-2013_13,0
0_4_25-09-2013_14,0
0_4_25-09-2013_15,0
0_4_25-09-2013_16,0
0_4_25-09-2013_17,0
0_4_25-09-2013_18,0
0_4_25-09-2013_4,0
0_4_25-09-2013_5,0
0_4_25-09-2013_6,0
0_4_25-09-2013_7,0
0_4_25-09-2013_8,0
0_4_25-09-2013_9,0
0_5_25-09-2013_1,0
0_5_25-09-2013_2,0
0_5_25-09-2013_3,0
0_5_25-09-2013_4,0
0_5_25-09-2013_5,0
0_5_25-09-2013_6,0
0_6_25-09-2013_10,1
0_6_25-09-2013_10,1
0_6_25-09-2013_11,1
0_6_25-09-2013_11,1
0_6_25-09-2013_12,1
0_6_25-09-2013_12,1
0_6_25-09-2013_13,1
0_6_25-09-2013_13,1
0_6_25-09-2013_14,1
0_6_25-09-2013_14,1
0_6_25-09-2013_15,1
0_6_25-09-2013_15,1
0_6_25-09-2013_16,1
0_6_25-09-2013_16,1
0_6_25-09-2013_17,1
0_6_25-09-2013_17,1
0_6_25-09-2013_18,0
0_6_25-09-2013_19,1
0_6_25-09-2013_19,1
0_6_25-09-2013_20,1
0_6_25-09-2013_20,1
0_7_25-09-2013_12,0
0_7_25-09-2013_13,0
0_7_25-09-2013_14,0
0_7_25-09-2013_15,0
0_7_25-09-2013_16,0
0_7_25-09-2013_17,0
0_7_25-09-2013_18,0
0_7_25-09-2013_19,0
0_7_25-09-2013_20,0
0_8_25-09-2013_6,1
0_8_25-09-2013_6,1
0_8_25-09-2013_7,1
0_8_25-09-2013_7,1
0_8_25-09-2013_8,0
0_8_25-09-2013_9,0
0_9_25-09-2013_1,0
0_9_25-09-2013_2,0
0_9_25-09-2013_3,0
0_9_25-09-2013_4,0
0_9_25-09-2013_5,0
0_0_26-09-2013_1,0
0_0_26-09-2013_10,0
0_0_26-09-2013_11,0
0_0_26-09-2013_12,0
0_0_26-09-2013_13,0
0_0_26-09-2013_14,0
0_0_26-09-2013_15,0
0_0_26-09-2013_16,1
0_0_26-09-2013_16,1
0_0_26-09-2013_17,1
0_0_26-09-2013_17,1
0_0_26-09-2013_18,1
0_0_26-09-2013_18,1
0_0_26-09-2013_19,0
0_0_26-09-2013_2,0
0_0_26-09-2013_20,0
0_0_26-09-2013_21,0
0_0_26-09-2013_22,0
0_0_26-09-2013_23,0
0_0_26-09-2013_3,0
0_0_26-09-2013_4,0
0_0_26-09-2013_5,0
0_0_26-09-2013_6,0
0_0_26-09-2013_7,0
0_0_26-09-2013_8,0
0_0_26-09-2013_9,0
0_11_26-09-2013_10,0
0_11_26-09-2013_11,0
0_11_26-09-2013_12,0
0_11_26-09-2013_13,0
0_11_26-09-2013_2,0
0_11_26-09-2013_3,0
0_11_26-09-2013_4,0
0_11_26-09-2013_5,0
0_11_26-09-2013_6,0
0_11_26-09-2013_7,0
0_12_26-09-2013_15,0
0_12_26-09-2013_16,1
0_12_26-09-2013_16,1
0_12_26-09-2013_17,1
0_12_26-09-2013_17,1
0_12_26-09-2013_2,0
0_12_26-09-2013_3,0
0_12_26-09-2013_4,0
0_12_26-09-2013_5,0
0_12_26-09-2013_6,1
0_12_26-09-2013_6,1
0_12_26-09-2013_7,0
0_2_26-09-2013_18,0
0_2_26-09-2013_19,0
0_2_26-09-2013_20,0
0_4_26-09-2013_10,0
0_4_26-09-2013_11,0
0_4_26-09-2013_12,0
0_4_26-09-2013_13,0
0_4_26-09-2013_14,0
0_4_26-09-2013_15,0
0_4_26-09-2013_16,0
0_4_26-09-2013_17,0
0_4_26-09-2013_18,0
0_4_26-09-2013_9,0
0_5_26-09-2013_16,0
0_5_26-09-2013_17,0
0_5_26-09-2013_18,0
0_5_26-09-2013_19,0
0_5_26-09-2013_20,0
0_5_26-09-2013_21,0
0_5_26-09-2013_22,0
0_5_26-09-2013_23,0
0_7_26-09-2013_17,0
0_7_26-09-2013_18,0
0_7_26-09-2013_19,0
0_7_26-09-2013_20,0
0_7_26-09-2013_21,1
0_7_26-09-2013_21,1
0_7_26-09-2013_22,0
0_7_26-09-2013_23,0
0_8_26-09-2013_0,1
0_8_26-09-2013_0,1
0_8_26-09-2013_1,1
0_8_26-09-2013_1,1
0_8_26-09-2013_13,1
0_8_26-09-2013_13,1
0_8_26-09-2013_14,1
0_8_26-09-2013_14,1
0_8_26-09-2013_15,1
0_8_26-09-2013_15,1
0_8_26-09-2013_16,1
0_8_26-09-2013_16,1
0_8_26-09-2013_2,0
0_8_26-09-2013_3,1
0_8_26-09-2013_3,1
0_8_26-09-2013_4,1
0_8_26-09-2013_4,1
0_8_26-09-2013_5,0
0_8_26-09-2013_6,1
0_8_26-09-2013_6,1
0_8_26-09-2013_7,1
0_8_26-09-2013_7,1
0_8_26-09-2013_8,1
0_8_26-09-2013_8,1
0_9_26-09-2013_10,0
0_9_26-09-2013_11,1
0_9_26-09-2013_11,1
0_9_26-09-2013_12,1
0_9_26-09-2013_12,1
0_9_26-09-2013_13,1
0_9_26-09-2013_13,1
0_9_26-09-2013_14,1
0_9_26-09-2013_14,1
0_9_26-09-2013_15,1
0_9_26-09-2013_15,1
0_9_26-09-2013_23,0
0_9_26-09-2013_7,1
0_9_26-09-2013_7,1
0_9_26-09-2013_8,0
0_9_26-09-2013_9,0
0_0_27-09-2013_1,1
0_0_27-09-2013_1,1
0_0_27-09-2013_10,0
0_0_27-09-2013_11,0
0_0_27-09-2013_12,0
0_0_27-09-2013_13,0
0_0_27-09-2013_14,0
0_0_27-09-2013_15,0
0_0_27-09-2013_16,0
0_0_27-09-2013_17,0
0_0_27-09-2013_18,0
0_0_27-09-2013_19,0
0_0_27-09-2013_2,0
0_0_27-09-2013_20,0
0_0_27-09-2013_21,0
0_0_27-09-2013_22,0
0_0_27-09-2013_23,0
0_0_27-09-2013_3,0
0_0_27-09-2013_4,0
0_0_27-09-2013_5,0
0_0_27-09-2013_6,0
0_0_27-09-2013_7,0
0_0_27-09-2013_8,0
0_0_27-09-2013_9,0
0_1_27-09-2013_10,1
0_1_27-09-2013_10,1
0_1_27-09-2013_11,0
0_1_27-09-2013_12,0
0_1_27-09-2013_13,0
0_1_27-09-2013_14,0
0_1_27-09-2013_15,0
0_1_27-09-2013_16,0
0_1_27-09-2013_6,0
0_1_27-09-2013_7,0
0_1_27-09-2013_8,1
0_1_27-09-2013_8,1
0_1_27-09-2013_9,1
0_1_27-09-2013_9,1
0_11_27-09-2013_10,0
0_11_27-09-2013_11,0
0_11_27-09-2013_12,0
0_11_27-09-2013_13,0
0_11_27-09-2013_14,0
0_11_27-09-2013_15,0
0_11_27-09-2013_16,0
0_11_27-09-2013_17,0
0_11_27-09-2013_18,0
0_12_27-09-2013_11,0
0_12_27-09-2013_12,0
0_12_27-09-2013_13,0
0_12_27-09-2013_14,0
0_12_27-09-2013_4,0
0_12_27-09-2013_5,0
0_12_27-09-2013_6,0
0_3_27-09-2013_10,0
0_3_27-09-2013_11,0
0_3_27-09-2013_12,0
0_3_27-09-2013_13,0
0_3_27-09-2013_14,0
0_3_27-09-2013_15,0
0_3_27-09-2013_16,0
0_3_27-09-2013_17,0
0_3_27-09-2013_18,0
0_3_27-09-2013_19,0
0_3_27-09-2013_9,0
0_4_27-09-2013_17,0
0_4_27-09-2013_18,0
0_4_27-09-2013_19,0
0_4_27-09-2013_20,0
0_4_27-09-2013_21,0
0_4_27-09-2013_22,0
0_4_27-09-2013_23,0
0_5_27-09-2013_1,0
0_5_27-09-2013_2,0
0_5_27-09-2013_3,0
0_6_27-09-2013_10,0
0_6_27-09-2013_11,1
0_6_27-09-2013_11,1
0_6_27-09-2013_12,1
0_6_27-09-2013_12,1
0_6_27-09-2013_13,1
0_6_27-09-2013_13,1
0_6_27-09-2013_14,1
0_6_27-09-2013_14,1
0_6_27-09-2013_15,1
0_6_27-09-2013_15,1
0_6_27-09-2013_16,1
0_6_27-09-2013_16,1
0_6_27-09-2013_17,1
0_6_27-09-2013_17,1
0_6_27-09-2013_18,1
0_6_27-09-2013_18,1
0_6_27-09-2013_19,1
0_6_27-09-2013_19,1
0_6_27-09-2013_8,0
0_6_27-09-2013_9,0
0_7_27-09-2013_1,0
0_7_27-09-2013_2,0
0_7_27-09-2013_3,1
0_7_27-09-2013_3,1
0_8_27-09-2013_10,0
0_8_27-09-2013_11,0
0_8_27-09-2013_12,0
0_8_27-09-2013_13,0
0_8_27-09-2013_14,0
0_8_27-09-2013_15,0
0_8_27-09-2013_16,0
0_8_27-09-2013_17,0
0_8_27-09-2013_18,0
0_8_27-09-2013_19,0
0_8_27-09-2013_20,0
0_9_27-09-2013_1,0
0_9_27-09-2013_2,0
0_9_27-09-2013_22,1
0_9_27-09-2013_22,1
0_9_27-09-2013_23,1
0_9_27-09-2013_23,1
0_9_27-09-2013_3,1
0_9_27-09-2013_3,1
0_9_27-09-2013_4,0
0_9_27-09-2013_5,0
0_9_27-09-2013_6,0
0_9_27-09-2013_7,0
0_9_27-09-2013_8,0
0_9_27-09-2013_9,0
0_0_28-09-2013_0,1
0_0_28-09-2013_0,1
0_0_28-09-2013_1,1
0_0_28-09-2013_1,1
0_0_28-09-2013_10,1
0_0_28-09-2013_10,1
0_0_28-09-2013_11,1
0_0_28-09-2013_11,1
0_0_28-09-2013_12,1
0_0_28-09-2013_12,1
0_0_28-09-2013_13,0
0_0_28-09-2013_14,0
0_0_28-09-2013_15,0
0_0_28-09-2013_16,0
0_0_28-09-2013_17,0
0_0_28-09-2013_18,0
0_0_28-09-2013_19,1
0_0_28-09-2013_19,1
0_0_28-09-2013_2,1
0_0_28-09-2013_2,1
0_0_28-09-2013_20,1
0_0_28-09-2013_20,1
0_0_28-09-2013_21,1
0_0_28-09-2013_21,1
0_0_28-09-2013_22,1
0_0_28-09-2013_22,1
0_0_28-09-2013_23,1
0_0_28-09-2013_23,1
0_0_28-09-2013_3,1
0_0_28-09-2013_3,1
0_0_28-09-2013_4,0
0_0_28-09-2013_5,0
0_0_28-09-2013_6,0
0_0_28-09-2013_7,0
0_0_28-09-2013_8,0
0_0_28-09-2013_9,0
0_10_28-09-2013_13,1
0_10_28-09-2013_13,1
0_10_28-09-2013_14,1
0_10_28-09-2013_14,1
0_10_28-09-2013_15,1
0_10_28-09-2013_15,1
0_10_28-09-2013_16,1
0_10_28-09-2013_16,1
0_10_28-09-2013_17,1
0_10_28-09-2013_17,1
0_10_28-09-2013_18,1
0_10_28-09-2013_18,1
0_10_28-09-2013_19,1
0_10_28-09-2013_19,1
0_10_28-09-2013_20,1
0_10_28-09-2013_20,1
0_10_28-09-2013_21,1
0_10_28-09-2013_21,1
0_10_28-09-2013_22,1
0_10_28-09-2013_22,1
0_10_28-09-2013_23,1
0_10_28-09-2013_23,1
0_12_28-09-2013_1,1
0_12_28-09-2013_1,1
0_12_28-09-2013_2,1
0_12_28-09-2013_2,1
0_12_28-09-2013_3,1
0_12_28-09-2013_3,1
0_12_28-09-2013_6,1
0_12_28-09-2013_6,1
0_12_28-09-2013_7,1
0_12_28-09-2013_7,1
0_12_28-09-2013_8,1
0_12_28-09-2013_8,1
0_2_28-09-2013_17,0
0_2_28-09-2013_18,0
0_2_28-09-2013_19,0
0_2_28-09-2013_20,0
0_2_28-09-2013_21,1
0_2_28-09-2013_21,1
0_2_28-09-2013_22,0
0_2_28-09-2013_23,0
0_3_28-09-2013_10,0
0_3_28-09-2013_11,0
0_3_28-09-2013_12,0
0_3_28-09-2013_13,0
0_3_28-09-2013_14,0
0_3_28-09-2013_15,0
0_3_28-09-2013_16,0
0_3_28-09-2013_17,0
0_3_28-09-2013_18,0
0_3_28-09-2013_19,0
0_3_28-09-2013_20,0
0_3_28-09-2013_21,0
0_4_28-09-2013_19,0
0_4_28-09-2013_20,0
0_4_28-09-2013_21,0
0_4_28-09-2013_22,0
0_4_28-09-2013_23,0
0_6_28-09-2013_1,0
0_6_28-09-2013_2,0
0_6_28-09-2013_3,0
0_7_28-09-2013_1,0
0_7_28-09-2013_10,0
0_7_28-09-2013_11,0
0_7_28-09-2013_12,0
0_7_28-09-2013_2,0
0_7_28-09-2013_21,0
0_7_28-09-2013_22,0
0_7_28-09-2013_23,0
0_7_28-09-2013_3,0
0_7_28-09-2013_4,0
0_7_28-09-2013_5,0
0_7_28-09-2013_6,0
0_7_28-09-2013_7,0
0_7_28-09-2013_8,0
0_7_28-09-2013_9,0
0_8_28-09-2013_12,1
0_8_28-09-2013_12,1
0_8_28-09-2013_13,1
0_8_28-09-2013_13,1
0_8_28-09-2013_14,1
0_8_28-09-2013_14,1
0_8_28-09-2013_15,1
0_8_28-09-2013_15,1
0_8_28-09-2013_2,1
0_8_28-09-2013_2,1
0_8_28-09-2013_3,1
0_8_28-09-2013_3,1
0_8_28-09-2013_4,1
0_8_28-09-2013_4,1
0_8_28-09-2013_7,1
0_8_28-09-2013_7,1
0_8_28-09-2013_8,1
0_8_28-09-2013_8,1
0_8_28-09-2013_9,1
0_8_28-09-2013_9,1
0_9_28-09-2013_0,1
0_9_28-09-2013_0,1
0_9_28-09-2013_1,1
0_9_28-09-2013_1,1
0_9_28-09-2013_11,1
0_9_28-09-2013_11,1
0_9_28-09-2013_12,1
0_9_28-09-2013_12,1
0_9_28-09-2013_13,1
0_9_28-09-2013_13,1
0_9_28-09-2013_14,1
0_9_28-09-2013_14,1
0_9_28-09-2013_15,1
0_9_28-09-2013_15,1
0_9_28-09-2013_16,1
0_9_28-09-2013_16,1
0_9_28-09-2013_17,1
0_9_28-09-2013_17,1
0_9_28-09-2013_18,1
0_9_28-09-2013_18,1
0_9_28-09-2013_19,1
0_9_28-09-2013_19,1
0_9_28-09-2013_20,1
0_9_28-09-2013_20,1
0_9_28-09-2013_21,1
0_9_28-09-2013_21,1
0_9_28-09-2013_22,1
0_9_28-09-2013_22,1
0_9_28-09-2013_6,1
0_9_28-09-2013_6,1
0_9_28-09-2013_7,1
0_9_28-09-2013_7,1
0_9_28-09-2013_8,1
0_9_28-09-2013_8,1
0_9_28-09-2013_9,1
0_9_28-09-2013_9,1
0_0_02-09-2013_1,0
0_0_02-09-2013_10,0
0_0_02-09-2013_11,0
0_0_02-09-2013_12,0
0_0_02-09-2013_13,0
0_0_02-09-2013_14,0
0_0_02-09-2013_15,0
0_0_02-09-2013_16,0
0_0_02-09-2013_17,0
0_0_02-09-2013_18,0
0_0_02-09-2013_19,0
0_0_02-09-2013_2,0
0_0_02-09-2013_20,0
0_0_02-09-2013_21,0
0_0_02-09-2013_22,0
0_0_02-09-2013_23,0
0_0_02-09-2013_3,0
0_0_02-09-2013_4,0
0_0_02-09-2013_5,0
0_0_02-09-2013_6,0
0_0_02-09-2013_7,0
0_0_02-09-2013_8,0
0_0_02-09-2013_9,0
0_1_02-09-2013_0,1
0_1_02-09-2013_0,1
0_1_02-09-2013_1,1
0_1_02-09-2013_1,1
0_1_02-09-2013_10,1
0_1_02-09-2013_10,1
0_1_02-09-2013_11,1
0_1_02-09-2013_11,1
0_1_02-09-2013_12,1
0_1_02-09-2013_12,1
0_1_02-09-2013_13,1
0_1_02-09-2013_13,1
0_1_02-09-2013_14,1
0_1_02-09-2013_14,1
0_1_02-09-2013_15,1
0_1_02-09-2013_15,1
0_1_02-09-2013_16,1
0_1_02-09-2013_16,1
0_1_02-09-2013_17,1
0_1_02-09-2013_17,1
0_1_02-09-2013_18,1
0_1_02-09-2013_18,1
0_1_02-09-2013_19,1
0_1_02-09-2013_19,1
0_1_02-09-2013_2,1
0_1_02-09-2013_2,1
0_1_02-09-2013_20,0
0_1_02-09-2013_21,1
0_1_02-09-2013_21,1
0_1_02-09-2013_22,1
0_1_02-09-2013_22,1
0_1_02-09-2013_23,1
0_1_02-09-2013_23,1
0_1_02-09-2013_3,1
0_1_02-09-2013_3,1
0_1_02-09-2013_4,1
0_1_02-09-2013_4,1
0_1_02-09-2013_5,1
0_1_02-09-2013_5,1
0_1_02-09-2013_6,1
0_1_02-09-2013_6,1
0_1_02-09-2013_7,1
0_1_02-09-2013_7,1
0_1_02-09-2013_8,1
0_1_02-09-2013_8,1
0_1_02-09-2013_9,1
0_1_02-09-2013_9,1
0_10_02-09-2013_6,0
0_10_02-09-2013_7,0
0_10_02-09-2013_8,0
0_10_02-09-2013_9,0
0_12_02-09-2013_10,0
0_12_02-09-2013_11,0
0_12_02-09-2013_12,0
0_12_02-09-2013_13,0
0_12_02-09-2013_14,0
0_12_02-09-2013_15,0
0_12_02-09-2013_7,0
0_12_02-09-2013_8,0
0_12_02-09-2013_9,0
0_13_02-09-2013_1,0
0_13_02-09-2013_21,0
0_13_02-09-2013_22,0
0_13_02-09-2013_23,0
0_3_02-09-2013_12,0
0_3_02-09-2013_13,0
0_3_02-09-2013_14,0
0_3_02-09-2013_15,0
0_3_02-09-2013_16,0
0_3_02-09-2013_17,0
0_3_02-09-2013_18,0
0_3_02-09-2013_19,0
0_3_02-09-2013_22,0
0_3_02-09-2013_23,0
0_5_02-09-2013_1,0
0_5_02-09-2013_2,0
0_5_02-09-2013_3,0
0_5_02-09-2013_4,0
0_5_02-09-2013_5,0
0_5_02-09-2013_6,0
0_5_02-09-2013_7,0
0_5_02-09-2013_8,0
0_5_02-09-2013_9,0
0_6_02-09-2013_21,0
0_6_02-09-2013_22,0
0_6_02-09-2013_23,0
0_7_02-09-2013_10,0
0_7_02-09-2013_11,0
0_7_02-09-2013_12,0
0_7_02-09-2013_13,0
0_7_02-09-2013_14,0
0_7_02-09-2013_15,0
0_7_02-09-2013_16,0
0_7_02-09-2013_17,0
0_7_02-09-2013_18,0
0_7_02-09-2013_19,0
0_7_02-09-2013_6,0
0_7_02-09-2013_7,0
0_7_02-09-2013_8,0
0_7_02-09-2013_9,0
0_8_02-09-2013_1,0
0_8_02-09-2013_11,0
0_8_02-09-2013_12,0
0_8_02-09-2013_13,0
0_8_02-09-2013_14,0
0_8_02-09-2013_15,0
0_8_02-09-2013_16,0
0_8_02-09-2013_17,0
0_8_02-09-2013_18,0
0_8_02-09-2013_19,0
0_8_02-09-2013_20,0
0_8_02-09-2013_21,0
0_8_02-09-2013_22,0
0_8_02-09-2013_23,0
0_9_02-09-2013_2,0
0_9_02-09-2013_3,0
0_9_02-09-2013_4,0
0_9_02-09-2013_5,0
1_0_02-09-2013_0,0
1_0_02-09-2013_1,0
1_0_02-09-2013_10,0
1_0_02-09-2013_11,0
1_0_02-09-2013_12,0
1_0_02-09-2013_13,0
1_0_02-09-2013_14,0
1_0_02-09-2013_15,0
1_0_02-09-2013_16,0
1_0_02-09-2013_17,0
1_0_02-09-2013_18,0
1_0_02-09-2013_19,0
1_0_02-09-2013_2,0
1_0_02-09-2013_20,0
1_0_02-09-2013_21,0
1_0_02-09-2013_22,0
1_0_02-09-2013_23,0
1_0_02-09-2013_3,0
1_0_02-09-2013_4,0
1_0_02-09-2013_5,0
1_0_02-09-2013_6,0
1_0_02-09-2013_7,0
1_0_02-09-2013_8,0
1_0_02-09-2013_9,0
2_0_02-09-2013_0,0
2_0_02-09-2013_1,0
2_0_02-09-2013_10,0
2_0_02-09-2013_11,0
2_0_02-09-2013_12,0
2_0_02-09-2013_13,0
2_0_02-09-2013_14,0
2_0_02-09-2013_15,0
2_0_02-09-2013_16,0
2_0_02-09-2013_17,0
2_0_02-09-2013_18,0
2_0_02-09-2013_19,0
2_0_02-09-2013_2,0
2_0_02-09-2013_20,0
2_0_02-09-2013_21,0
2_0_02-09-2013_22,0
2_0_02-09-2013_23,0
2_0_02-09-2013_3,0
2_0_02-09-2013_4,0
2_0_02-09-2013_5,0
2_0_02-09-2013_6,0
2_0_02-09-2013_7,0
2_0_02-09-2013_8,0
2_0_02-09-2013_9,0
0_0_29-09-2013_0,1
0_0_29-09-2013_0,1
0_0_29-09-2013_1,0
0_0_29-09-2013_10,0
0_0_29-09-2013_11,0
0_0_29-09-2013_12,0
0_0_29-09-2013_13,0
0_0_29-09-2013_14,0
0_0_29-09-2013_15,0
0_0_29-09-2013_16,0
0_0_29-09-2013_17,0
0_0_29-09-2013_18,0
0_0_29-09-2013_19,0
0_0_29-09-2013_2,0
0_0_29-09-2013_20,0
0_0_29-09-2013_21,0
0_0_29-09-2013_22,0
0_0_29-09-2013_23,0
0_0_29-09-2013_3,1
0_0_29-09-2013_3,1
0_0_29-09-2013_4,0
0_0_29-09-2013_5,1
0_0_29-09-2013_5,1
0_0_29-09-2013_6,0
0_0_29-09-2013_7,0
0_0_29-09-2013_8,0
0_0_29-09-2013_9,0
0_1_29-09-2013_10,1
0_1_29-09-2013_10,1
0_1_29-09-2013_11,0
0_1_29-09-2013_12,0
0_1_29-09-2013_13,0
0_1_29-09-2013_14,0
0_1_29-09-2013_15,0
0_1_29-09-2013_16,1
0_1_29-09-2013_16,1
0_1_29-09-2013_17,1
0_1_29-09-2013_17,1
0_1_29-09-2013_18,0
0_1_29-09-2013_19,1
0_1_29-09-2013_19,1
0_1_29-09-2013_20,0
0_12_29-09-2013_11,0
0_12_29-09-2013_12,0
0_12_29-09-2013_13,0
0_12_29-09-2013_14,0
0_12_29-09-2013_6,0
0_12_29-09-2013_7,0
0_12_29-09-2013_8,0
0_2_29-09-2013_1,1
0_2_29-09-2013_1,1
0_2_29-09-2013_10,0
0_2_29-09-2013_11,0
0_2_29-09-2013_6,0
0_2_29-09-2013_7,0
0_2_29-09-2013_8,0
0_2_29-09-2013_9,0
0_4_29-09-2013_1,0
0_4_29-09-2013_16,0
0_4_29-09-2013_17,0
0_4_29-09-2013_18,0
0_4_29-09-2013_19,0
0_4_29-09-2013_2,0
0_4_29-09-2013_20,0
0_4_29-09-2013_21,0
0_4_29-09-2013_22,0
0_4_29-09-2013_3,0
0_4_29-09-2013_4,0
0_5_29-09-2013_10,0
0_5_29-09-2013_11,0
0_5_29-09-2013_12,0
0_5_29-09-2013_13,0
0_5_29-09-2013_2,0
0_5_29-09-2013_3,0
0_5_29-09-2013_4,0
0_5_29-09-2013_5,0
0_5_29-09-2013_6,0
0_5_29-09-2013_7,0
0_5_29-09-2013_8,0
0_5_29-09-2013_9,0
0_6_29-09-2013_10,1
0_6_29-09-2013_10,1
0_6_29-09-2013_11,1
0_6_29-09-2013_11,1
0_6_29-09-2013_12,1
0_6_29-09-2013_12,1
0_6_29-09-2013_13,1
0_6_29-09-2013_13,1
0_6_29-09-2013_18,1
0_6_29-09-2013_18,1
0_6_29-09-2013_19,0
0_6_29-09-2013_20,1
0_6_29-09-2013_20,1
0_6_29-09-2013_21,1
0_6_29-09-2013_21,1
0_6_29-09-2013_6,0
0_6_29-09-2013_7,1
0_6_29-09-2013_7,1
0_6_29-09-2013_8,1
0_6_29-09-2013_8,1
0_6_29-09-2013_9,1
0_6_29-09-2013_9,1
0_7_29-09-2013_1,0
0_7_29-09-2013_2,1
0_7_29-09-2013_2,1
0_7_29-09-2013_3,0
0_7_29-09-2013_4,1
0_7_29-09-2013_4,1
0_7_29-09-2013_5,0
0_7_29-09-2013_6,1
0_7_29-09-2013_6,1
0_7_29-09-2013_7,0
0_7_29-09-2013_8,0
0_8_29-09-2013_10,0
0_8_29-09-2013_11,0
0_8_29-09-2013_12,0
0_8_29-09-2013_13,0
0_8_29-09-2013_14,0
0_8_29-09-2013_15,0
0_8_29-09-2013_16,0
0_8_29-09-2013_17,0
0_8_29-09-2013_22,0
0_8_29-09-2013_23,1
0_8_29-09-2013_23,1
0_8_29-09-2013_4,0
0_8_29-09-2013_5,1
0_8_29-09-2013_5,1
0_8_29-09-2013_6,0
0_8_29-09-2013_7,0
0_8_29-09-2013_8,0
0_8_29-09-2013_9,0
0_9_29-09-2013_16,1
0_9_29-09-2013_16,1
0_9_29-09-2013_17,1
0_9_29-09-2013_17,1
0_9_29-09-2013_18,0
0_9_29-09-2013_19,0
0_9_29-09-2013_21,1
0_9_29-09-2013_21,1
0_9_29-09-2013_22,1
0_9_29-09-2013_22,1
0_9_29-09-2013_23,0
0_0_30-09-2013_1,0
0_0_30-09-2013_10,1
0_0_30-09-2013_10,1
0_0_30-09-2013_11,1
0_0_30-09-2013_11,1
0_0_30-09-2013_12,1
0_0_30-09-2013_12,1
0_0_30-09-2013_13,0
0_0_30-09-2013_14,0
0_0_30-09-2013_15,0
0_0_30-09-2013_16,1
0_0_30-09-2013_16,1
0_0_30-09-2013_17,1
0_0_30-09-2013_17,1
0_0_30-09-2013_18,1
0_0_30-09-2013_18,1
0_0_30-09-2013_19,1
0_0_30-09-2013_19,1
0_0_30-09-2013_2,0
0_0_30-09-2013_20,1
0_0_30-09-2013_20,1
0_0_30-09-2013_20,1
0_0_30-09-2013_20,1
0_0_30-09-2013_20,1
0_0_30-09-2013_20,1
0_0_30-09-2013_20,1
0_0_30-09-2013_20,1
0_0_30-09-2013_20,1
0_0_30-09-2013_20,1
0_0_30-09-2013_20,1
0_0_30-09-2013_20,1
0_0_30-09-2013_3,0
0_0_30-09-2013_4,0
0_0_30-09-2013_5,0
0_0_30-09-2013_6,0
0_0_30-09-2013_7,1
0_0_30-09-2013_7,1
0_0_30-09-2013_8,1
0_0_30-09-2013_8,1
0_0_30-09-2013_9,1
0_0_30-09-2013_9,1
0_10_30-09-2013_10,1
0_10_30-09-2013_10,1
0_10_30-09-2013_11,1
0_10_30-09-2013_11,1
0_10_30-09-2013_12,1
0_10_30-09-2013_12,1
0_10_30-09-2013_13,1
0_10_30-09-2013_13,1
0_10_30-09-2013_14,1
0_10_30-09-2013_14,1
0_10_30-09-2013_7,1
0_10_30-09-2013_7,1
0_10_30-09-2013_8,1
0_10_30-09-2013_8,1
0_10_30-09-2013_9,1
0_10_30-09-2013_9,1
0_11_30-09-2013_12,0
0_11_30-09-2013_13,0
0_11_30-09-2013_14,0
0_11_30-09-2013_15,0
0_11_30-09-2013_16,0
0_11_30-09-2013_17,0
0_11_30-09-2013_18,0
0_12_30-09-2013_1,0
0_12_30-09-2013_10,1
0_12_30-09-2013_10,1
0_12_30-09-2013_11,1
0_12_30-09-2013_11,1
0_12_30-09-2013_12,1
0_12_30-09-2013_12,1
0_12_30-09-2013_13,1
0_12_30-09-2013_13,1
0_12_30-09-2013_14,0
0_12_30-09-2013_15,0
0_12_30-09-2013_16,1
0_12_30-09-2013_16,1
0_12_30-09-2013_2,0
0_12_30-09-2013_3,0
0_3_30-09-2013_13,0
0_3_30-09-2013_14,0
0_3_30-09-2013_15,0
0_3_30-09-2013_16,0
0_3_30-09-2013_17,0
0_3_30-09-2013_18,0
0_3_30-09-2013_19,0
0_4_30-09-2013_10,0
0_4_30-09-2013_11,0
0_4_30-09-2013_12,0
0_4_30-09-2013_18,0
0_4_30-09-2013_19,0
0_4_30-09-2013_6,0
0_4_30-09-2013_7,0
0_4_30-09-2013_8,0
0_4_30-09-2013_9,0
0_5_30-09-2013_14,0
0_5_30-09-2013_15,0
0_5_30-09-2013_16,0
0_5_30-09-2013_17,0
0_5_30-09-2013_18,0
0_5_30-09-2013_19,0
0_6_30-09-2013_10,0
0_6_30-09-2013_11,0
0_6_30-09-2013_12,0
0_6_30-09-2013_13,0
0_6_30-09-2013_14,1
0_6_30-09-2013_14,1
0_6_30-09-2013_15,1
0_6_30-09-2013_15,1
0_7_30-09-2013_10,0
0_7_30-09-2013_11,0
0_7_30-09-2013_12,0
0_7_30-09-2013_2,0
0_7_30-09-2013_3,0
0_7_30-09-2013_4,0
0_7_30-09-2013_5,0
0_7_30-09-2013_6,1
0_7_30-09-2013_6,1
0_7_30-09-2013_7,0
0_7_30-09-2013_8,0
0_7_30-09-2013_9,0
0_8_30-09-2013_3,0
0_8_30-09-2013_4,0
0_8_30-09-2013_5,0
0_8_30-09-2013_6,0
0_9_30-09-2013_1,0
0_9_30-09-2013_2,0
0_0_31-08-2013_22,0
0_0_31-08-2013_23,0
0_1_03-09-2013_1,0
0_1_03-09-2013_10,0
0_1_03-09-2013_11,0
0_1_03-09-2013_12,0
0_1_03-09-2013_13,0
0_1_03-09-2013_14,0
0_1_03-09-2013_15,1
0_1_03-09-2013_15,1
0_1_03-09-2013_16,0
0_1_03-09-2013_17,0
0_1_03-09-2013_18,0
0_1_03-09-2013_19,0
0_1_03-09-2013_2,0
0_1_03-09-2013_20,0
0_1_03-09-2013_21,0
0_1_03-09-2013_22,0
0_1_03-09-2013_23,0
0_1_03-09-2013_3,0
0_1_03-09-2013_4,0
0_1_03-09-2013_5,0
0_1_03-09-2013_6,0
0_1_03-09-2013_7,1
0_1_03-09-2013_7,1
0_1_03-09-2013_8,1
0_1_03-09-2013_8,1
0_1_03-09-2013_9,0
0_10_03-09-2013_10,0
0_10_03-09-2013_11,0
0_10_03-09-2013_12,0
0_10_03-09-2013_13,0
0_10_03-09-2013_14,0
0_10_03-09-2013_15,0
0_10_03-09-2013_16,0
0_10_03-09-2013_8,0
0_10_03-09-2013_9,0
0_11_03-09-2013_10,0
0_11_03-09-2013_11,0
0_11_03-09-2013_12,0
0_11_03-09-2013_13,0
0_11_03-09-2013_14,0
0_11_03-09-2013_15,0
0_11_03-09-2013_21,0
0_11_03-09-2013_22,0
0_11_03-09-2013_23,0
0_12_03-09-2013_22,0
0_12_03-09-2013_23,0
0_13_03-09-2013_0,1
0_13_03-09-2013_0,1
0_13_03-09-2013_1,1
0_13_03-09-2013_1,1
0_13_03-09-2013_2,1
0_13_03-09-2013_2,1
0_13_03-09-2013_23,0
0_13_03-09-2013_3,1
0_13_03-09-2013_3,1
0_13_03-09-2013_4,1
0_13_03-09-2013_4,1
0_13_03-09-2013_5,1
0_13_03-09-2013_5,1
0_2_03-09-2013_23,0
0_3_03-09-2013_1,0
0_3_03-09-2013_6,0
0_3_03-09-2013_7,0
0_3_03-09-2013_8,0
0_4_03-09-2013_1,0
0_4_03-09-2013_10,0
0_4_03-09-2013_11,0
0_4_03-09-2013_12,0
0_4_03-09-2013_13,0
0_4_03-09-2013_14,0
0_4_03-09-2013_15,0
0_4_03-09-2013_2,0
0_4_03-09-2013_3,0
0_4_03-09-2013_4,0
0_4_03-09-2013_5,0
0_4_03-09-2013_6,0
0_4_03-09-2013_7,0
0_4_03-09-2013_8,0
0_4_03-09-2013_9,0
0_5_03-09-2013_1,0
0_5_03-09-2013_2,0
0_5_03-09-2013_3,0
0_6_03-09-2013_0,1
0_6_03-09-2013_0,1
0_6_03-09-2013_1,1
0_6_03-09-2013_1,1
0_6_03-09-2013_2,1
0_6_03-09-2013_2,1
0_6_03-09-2013_3,1
0_6_03-09-2013_3,1
0_6_03-09-2013_4,1
0_6_03-09-2013_4,1
0_6_03-09-2013_5,0
0_6_03-09-2013_6,0
0_6_03-09-2013_7,0
0_7_03-09-2013_15,0
0_7_03-09-2013_16,0
0_7_03-09-2013_17,0
0_7_03-09-2013_18,0
0_7_03-09-2013_5,0
0_7_03-09-2013_6,0
0_7_03-09-2013_7,0
0_7_03-09-2013_8,0
0_8_03-09-2013_1,0
0_8_03-09-2013_2,0
0_9_03-09-2013_1,1
0_9_03-09-2013_1,1
0_9_03-09-2013_10,0
0_9_03-09-2013_11,0
0_9_03-09-2013_2,1
0_9_03-09-2013_2,1
0_9_03-09-2013_22,1
0_9_03-09-2013_22,1
0_9_03-09-2013_23,0
0_9_03-09-2013_3,1
0_9_03-09-2013_3,1
0_9_03-09-2013_4,1
0_9_03-09-2013_4,1
0_9_03-09-2013_5,1
0_9_03-09-2013_5,1
0_9_03-09-2013_6,1
0_9_03-09-2013_6,1
0_9_03-09-2013_9,0
1_0_03-09-2013_0,0
1_0_03-09-2013_1,0
1_0_03-09-2013_10,0
1_0_03-09-2013_11,0
1_0_03-09-2013_12,0
1_0_03-09-2013_13,0
1_0_03-09-2013_14,0
1_0_03-09-2013_15,0
1_0_03-09-2013_16,0
1_0_03-09-2013_17,0
1_0_03-09-2013_18,0
1_0_03-09-2013_19,0
1_0_03-09-2013_2,0
1_0_03-09-2013_20,0
1_0_03-09-2013_21,0
1_0_03-09-2013_22,0
1_0_03-09-2013_23,0
1_0_03-09-2013_3,0
1_0_03-09-2013_4,0
1_0_03-09-2013_5,0
1_0_03-09-2013_6,0
1_0_03-09-2013_7,0
1_0_03-09-2013_8,0
1_0_03-09-2013_9,0
2_0_03-09-2013_0,0
2_0_03-09-2013_1,0
2_0_03-09-2013_2,0
0_1_04-09-2013_1,0
0_1_04-09-2013_10,1
0_1_04-09-2013_10,1
0_1_04-09-2013_11,1
0_1_04-09-2013_11,1
0_1_04-09-2013_12,1
0_1_04-09-2013_12,1
0_1_04-09-2013_13,1
0_1_04-09-2013_13,1
0_1_04-09-2013_14,0
0_1_04-09-2013_15,1
0_1_04-09-2013_15,1
0_1_04-09-2013_16,1
0_1_04-09-2013_16,1
0_1_04-09-2013_17,1
0_1_04-09-2013_17,1
0_1_04-09-2013_18,1
0_1_04-09-2013_18,1
0_1_04-09-2013_19,1
0_1_04-09-2013_19,1
0_1_04-09-2013_2,1
0_1_04-09-2013_2,1
0_1_04-09-2013_20,1
0_1_04-09-2013_20,1
0_1_04-09-2013_21,1
0_1_04-09-2013_21,1
0_1_04-09-2013_22,0
0_1_04-09-2013_23,0
0_1_04-09-2013_3,0
0_1_04-09-2013_4,1
0_1_04-09-2013_4,1
0_1_04-09-2013_5,1
0_1_04-09-2013_5,1
0_1_04-09-2013_6,1
0_1_04-09-2013_6,1
0_1_04-09-2013_7,1
0_1_04-09-2013_7,1
0_1_04-09-2013_8,1
0_1_04-09-2013_8,1
0_1_04-09-2013_9,1
0_1_04-09-2013_9,1
0_10_04-09-2013_15,0
0_10_04-09-2013_16,0
0_10_04-09-2013_17,0
0_11_04-09-2013_1,0
0_11_04-09-2013_15,0
0_11_04-09-2013_16,0
0_11_04-09-2013_17,0
0_11_04-09-2013_18,0
0_11_04-09-2013_2,0
0_12_04-09-2013_1,0
0_12_04-09-2013_19,0
0_12_04-09-2013_20,0
0_12_04-09-2013_21,0
0_12_04-09-2013_22,0
0_12_04-09-2013_23,0
0_13_04-09-2013_1,0
0_13_04-09-2013_2,0
0_13_04-09-2013_22,1
0_13_04-09-2013_22,1
0_13_04-09-2013_23,0
0_2_04-09-2013_1,0
0_2_04-09-2013_2,0
0_2_04-09-2013_3,0
0_2_04-09-2013_4,0
0_2_04-09-2013_5,0
0_2_04-09-2013_6,0
0_2_04-09-2013_7,0
0_2_04-09-2013_8,0
0_2_04-09-2013_9,0
0_3_04-09-2013_11,0
0_3_04-09-2013_12,0
0_3_04-09-2013_13,0
0_3_04-09-2013_5,0
0_3_04-09-2013_6,0
0_3_04-09-2013_7,0
0_3_04-09-2013_8,0
0_4_04-09-2013_11,0
0_4_04-09-2013_12,0
0_4_04-09-2013_13,0
0_4_04-09-2013_14,0
0_4_04-09-2013_15,0
0_4_04-09-2013_16,0
0_4_04-09-2013_17,0
0_4_04-09-2013_18,0
0_4_04-09-2013_19,0
0_4_04-09-2013_20,0
0_4_04-09-2013_6,0
0_4_04-09-2013_7,0
0_4_04-09-2013_8,0
0_4_04-09-2013_9,0
0_5_04-09-2013_10,0
0_5_04-09-2013_11,0
0_5_04-09-2013_12,0
0_5_04-09-2013_18,0
0_5_04-09-2013_19,0
0_5_04-09-2013_20,0
0_5_04-09-2013_21,0
0_5_04-09-2013_22,0
0_5_04-09-2013_23,0
0_5_04-09-2013_7,0
0_5_04-09-2013_8,0
0_5_04-09-2013_9,0
0_6_04-09-2013_17,0
0_6_04-09-2013_18,0
0_6_04-09-2013_19,0
0_6_04-09-2013_20,0
0_6_04-09-2013_21,0
0_6_04-09-2013_22,1
0_6_04-09-2013_22,1
0_6_04-09-2013_23,1
0_6_04-09-2013_23,1
0_7_04-09-2013_10,0
0_7_04-09-2013_11,0
0_7_04-09-2013_12,0
0_7_04-09-2013_13,0
0_7_04-09-2013_14,0
0_7_04-09-2013_15,0
0_7_04-09-2013_16,0
0_7_04-09-2013_17,0
0_7_04-09-2013_18,0
0_7_04-09-2013_19,0
0_7_04-09-2013_20,0
0_8_04-09-2013_17,0
0_8_04-09-2013_18,0
0_8_04-09-2013_19,0
0_8_04-09-2013_2,0
0_8_04-09-2013_20,0
0_8_04-09-2013_21,0
0_8_04-09-2013_22,0
0_8_04-09-2013_23,0
0_8_04-09-2013_3,0
0_8_04-09-2013_4,0
0_8_04-09-2013_5,0
0_8_04-09-2013_6,0
0_8_04-09-2013_7,0
0_8_04-09-2013_8,0
0_8_04-09-2013_9,0
0_9_04-09-2013_1,0
0_9_04-09-2013_10,0
0_9_04-09-2013_11,0
0_9_04-09-2013_19,1
0_9_04-09-2013_19,1
0_9_04-09-2013_2,0
0_9_04-09-2013_20,1
0_9_04-09-2013_20,1
0_9_04-09-2013_21,1
0_9_04-09-2013_21,1
0_9_04-09-2013_3,1
0_9_04-09-2013_3,1
0_9_04-09-2013_4,1
0_9_04-09-2013_4,1
0_9_04-09-2013_5,0
0_9_04-09-2013_6,1
0_9_04-09-2013_6,1
0_9_04-09-2013_7,1
0_9_04-09-2013_7,1
0_9_04-09-2013_8,0
0_9_04-09-2013_9,0
1_0_04-09-2013_0,0
1_0_04-09-2013_1,0
1_0_04-09-2013_10,0
1_0_04-09-2013_11,0
1_0_04-09-2013_12,0
1_0_04-09-2013_13,0
1_0_04-09-2013_14,0
1_0_04-09-2013_15,0
1_0_04-09-2013_16,0
1_0_04-09-2013_17,0
1_0_04-09-2013_18,0
1_0_04-09-2013_19,0
1_0_04-09-2013_2,0
1_0_04-09-2013_20,0
1_0_04-09-2013_21,0
1_0_04-09-2013_22,0
1_0_04-09-2013_23,0
1_0_04-09-2013_3,0
1_0_04-09-2013_4,0
1_0_04-09-2013_5,0
1_0_04-09-2013_6,0
1_0_04-09-2013_7,0
1_0_04-09-2013_8,0
1_0_04-09-2013_9,0
0_1_05-09-2013_1,0
0_1_05-09-2013_10,0
0_1_05-09-2013_11,0
0_1_05-09-2013_12,0
0_1_05-09-2013_13,0
0_1_05-09-2013_14,0
0_1_05-09-2013_15,0
0_1_05-09-2013_16,0
0_1_05-09-2013_17,0
0_1_05-09-2013_18,0
0_1_05-09-2013_19,0
0_1_05-09-2013_2,0
0_1_05-09-2013_20,0
0_1_05-09-2013_21,0
0_1_05-09-2013_22,0
0_1_05-09-2013_23,0
0_1_05-09-2013_3,0
0_1_05-09-2013_4,1
0_1_05-09-2013_4,1
0_1_05-09-2013_5,0
0_1_05-09-2013_6,0
0_1_05-09-2013_7,0
0_1_05-09-2013_8,0
0_1_05-09-2013_9,0
0_10_05-09-2013_17,0
0_10_05-09-2013_18,0
0_10_05-09-2013_19,0
0_10_05-09-2013_20,0
0_10_05-09-2013_21,0
0_10_05-09-2013_22,1
0_10_05-09-2013_22,1
0_10_05-09-2013_23,0
0_12_05-09-2013_1,0
0_13_05-09-2013_3,0
0_13_05-09-2013_4,0
0_13_05-09-2013_5,0
0_13_05-09-2013_6,0
0_13_05-09-2013_7,1
0_13_05-09-2013_7,1
0_13_05-09-2013_8,0
0_4_05-09-2013_17,0
0_4_05-09-2013_18,0
0_4_05-09-2013_19,0
0_4_05-09-2013_20,0
0_4_05-09-2013_21,0
0_4_05-09-2013_22,0
0_4_05-09-2013_23,0
0_5_05-09-2013_1,0
0_5_05-09-2013_2,0
0_5_05-09-2013_3,0
0_5_05-09-2013_4,0
0_5_05-09-2013_5,0
0_5_05-09-2013_6,0
0_5_05-09-2013_7,0
0_6_05-09-2013_0,1
0_6_05-09-2013_0,1
0_6_05-09-2013_1,1
0_6_05-09-2013_1,1
0_6_05-09-2013_2,1
0_6_05-09-2013_2,1
0_6_05-09-2013_3,1
0_6_05-09-2013_3,1
0_6_05-09-2013_5,1
0_6_05-09-2013_5,1
0_6_05-09-2013_6,0
0_6_05-09-2013_7,1
0_6_05-09-2013_7,1
0_6_05-09-2013_8,0
0_8_05-09-2013_1,0
0_8_05-09-2013_2,0
0_8_05-09-2013_3,0
0_8_05-09-2013_4,0
0_8_05-09-2013_5,0
0_8_05-09-2013_6,0
1_0_05-09-2013_0,0
1_0_05-09-2013_1,0
1_0_05-09-2013_10,0
1_0_05-09-2013_11,0
1_0_05-09-2013_12,0
1_0_05-09-2013_13,0
1_0_05-09-2013_14,0
1_0_05-09-2013_15,0
1_0_05-09-2013_16,0
1_0_05-09-2013_17,0
1_0_05-09-2013_18,0
1_0_05-09-2013_19,0
1_0_05-09-2013_2,0
1_0_05-09-2013_20,0
1_0_05-09-2013_21,0
1_0_05-09-2013_22,0
1_0_05-09-2013_23,0
1_0_05-09-2013_3,0
1_0_05-09-2013_4,0
1_0_05-09-2013_5,0
1_0_05-09-2013_6,0
1_0_05-09-2013_7,0
1_0_05-09-2013_8,0
1_0_05-09-2013_9,0
0_1_06-09-2013_1,0
0_1_06-09-2013_10,0
0_1_06-09-2013_11,0
0_1_06-09-2013_12,0
0_1_06-09-2013_13,0
0_1_06-09-2013_14,0
0_1_06-09-2013_15,0
0_1_06-09-2013_16,1
0_1_06-09-2013_16,1
0_1_06-09-2013_17,0
0_1_06-09-2013_18,0
0_1_06-09-2013_19,0
0_1_06-09-2013_2,0
0_1_06-09-2013_20,0
0_1_06-09-2013_21,0
0_1_06-09-2013_22,0
0_1_06-09-2013_23,0
0_1_06-09-2013_3,0
0_1_06-09-2013_4,0
0_1_06-09-2013_5,0
0_1_06-09-2013_6,0
0_1_06-09-2013_7,0
0_1_06-09-2013_8,0
0_1_06-09-2013_9,0
0_10_06-09-2013_1,0
0_11_06-09-2013_12,0
0_11_06-09-2013_13,0
0_11_06-09-2013_14,0
0_11_06-09-2013_15,0
0_11_06-09-2013_16,0
0_11_06-09-2013_17,0
0_11_06-09-2013_18,0
0_11_06-09-2013_19,0
0_11_06-09-2013_20,0
0_11_06-09-2013_22,0
0_11_06-09-2013_23,0
0_12_06-09-2013_20,0
0_12_06-09-2013_21,0
0_12_06-09-2013_22,0
0_12_06-09-2013_23,0
0_13_06-09-2013_13,0
0_13_06-09-2013_14,0
0_13_06-09-2013_15,0
0_13_06-09-2013_20,1
0_13_06-09-2013_20,1
0_13_06-09-2013_21,1
0_13_06-09-2013_21,1
0_13_06-09-2013_22,1
0_13_06-09-2013_22,1
0_13_06-09-2013_23,1
0_13_06-09-2013_23,1
0_2_06-09-2013_13,0
0_2_06-09-2013_14,0
0_2_06-09-2013_15,0
0_2_06-09-2013_16,0
0_3_06-09-2013_17,1
0_3_06-09-2013_17,1
0_3_06-09-2013_18,0
0_3_06-09-2013_19,0
0_3_06-09-2013_20,0
0_3_06-09-2013_21,0
0_3_06-09-2013_22,0
0_3_06-09-2013_23,0
0_4_06-09-2013_1,0
0_4_06-09-2013_10,0
0_4_06-09-2013_11,0
0_4_06-09-2013_12,0
0_4_06-09-2013_13,0
0_4_06-09-2013_14,0
0_4_06-09-2013_15,0
0_4_06-09-2013_16,0
0_4_06-09-2013_17,0
0_4_06-09-2013_18,0
0_4_06-09-2013_19,0
0_4_06-09-2013_2,0
0_4_06-09-2013_20,0
0_4_06-09-2013_21,0
0_4_06-09-2013_22,0
0_4_06-09-2013_23,0
0_5_06-09-2013_10,0
0_5_06-09-2013_23,0
0_5_06-09-2013_5,0
0_5_06-09-2013_6,0
0_5_06-09-2013_7,0
0_5_06-09-2013_8,0
0_5_06-09-2013_9,0
0_6_06-09-2013_10,1
0_6_06-09-2013_10,1
0_6_06-09-2013_11,1
0_6_06-09-2013_11,1
0_6_06-09-2013_12,1
0_6_06-09-2013_12,1
0_6_06-09-2013_13,1
0_6_06-09-2013_13,1
0_6_06-09-2013_14,1
0_6_06-09-2013_14,1
0_6_06-09-2013_15,1
0_6_06-09-2013_15,1
0_6_06-09-2013_8,1
0_6_06-09-2013_8,1
0_6_06-09-2013_9,1
0_6_06-09-2013_9,1
0_7_06-09-2013_10,0
0_7_06-09-2013_11,0
0_7_06-09-2013_16,0
0_7_06-09-2013_17,0
0_7_06-09-2013_18,1
0_7_06-09-2013_18,1
0_7_06-09-2013_19,1
0_7_06-09-2013_19,1
0_7_06-09-2013_20,1
0_7_06-09-2013_20,1
0_7_06-09-2013_21,1
0_7_06-09-2013_21,1
0_7_06-09-2013_22,1
0_7_06-09-2013_22,1
0_7_06-09-2013_23,1
0_7_06-09-2013_23,1
0_7_06-09-2013_8,0
0_7_06-09-2013_9,0
0_8_06-09-2013_10,0
0_8_06-09-2013_11,0
0_8_06-09-2013_12,0
0_8_06-09-2013_13,0
0_8_06-09-2013_14,0
0_8_06-09-2013_3,0
0_8_06-09-2013_4,0
0_8_06-09-2013_5,0
0_8_06-09-2013_6,0
0_8_06-09-2013_8,0
0_8_06-09-2013_9,0
0_9_06-09-2013_10,0
0_9_06-09-2013_11,0
0_9_06-09-2013_12,0
0_9_06-09-2013_13,0
0_9_06-09-2013_2,0
0_9_06-09-2013_3,0
0_9_06-09-2013_4,1
0_9_06-09-2013_4,1
0_9_06-09-2013_5,1
0_9_06-09-2013_5,1
0_9_06-09-2013_6,1
0_9_06-09-2013_6,1
0_9_06-09-2013_7,1
0_9_06-09-2013_7,1
0_9_06-09-2013_8,0
0_9_06-09-2013_9,0
1_0_06-09-2013_0,0
1_0_06-09-2013_1,0
1_0_06-09-2013_10,0
1_0_06-09-2013_11,0
1_0_06-09-2013_12,0
1_0_06-09-2013_13,0
1_0_06-09-2013_14,0
1_0_06-09-2013_15,0
1_0_06-09-2013_16,0
1_0_06-09-2013_17,0
1_0_06-09-2013_18,0
1_0_06-09-2013_19,0
1_0_06-09-2013_2,0
1_0_06-09-2013_20,0
1_0_06-09-2013_21,0
1_0_06-09-2013_22,0
1_0_06-09-2013_23,0
1_0_06-09-2013_3,0
1_0_06-09-2013_4,0
1_0_06-09-2013_5,0
1_0_06-09-2013_6,0
1_0_06-09-2013_7,0
1_0_06-09-2013_8,0
1_0_06-09-2013_9,0
0_1_07-09-2013_1,0
0_1_07-09-2013_10,0
0_1_07-09-2013_11,0
0_1_07-09-2013_12,0
0_1_07-09-2013_13,0
0_1_07-09-2013_14,0
0_1_07-09-2013_15,0
0_1_07-09-2013_16,0
0_1_07-09-2013_17,0
0_1_07-09-2013_18,0
0_1_07-09-2013_19,0
0_1_07-09-2013_2,0
0_1_07-09-2013_20,0
0_1_07-09-2013_21,0
0_1_07-09-2013_22,0
0_1_07-09-2013_23,1
0_1_07-09-2013_23,1
0_1_07-09-2013_3,0
0_1_07-09-2013_4,0
0_1_07-09-2013_5,0
0_1_07-09-2013_6,0
0_1_07-09-2013_7,0
0_1_07-09-2013_8,0
0_1_07-09-2013_9,0
0_10_07-09-2013_23,0
0_11_07-09-2013_1,0
0_11_07-09-2013_17,0
0_11_07-09-2013_18,0
0_11_07-09-2013_19,0
0_11_07-09-2013_20,0
0_11_07-09-2013_21,0
0_11_07-09-2013_22,0
0_11_07-09-2013_23,0
0_12_07-09-2013_1,0
0_13_07-09-2013_0,1
0_13_07-09-2013_0,1
0_13_07-09-2013_1,1
0_13_07-09-2013_1,1
0_13_07-09-2013_22,0
0_13_07-09-2013_23,1
0_13_07-09-2013_23,1
0_2_07-09-2013_17,0
0_2_07-09-2013_18,0
0_2_07-09-2013_19,0
0_2_07-09-2013_20,0
0_2_07-09-2013_21,0
0_2_07-09-2013_22,0
0_2_07-09-2013_23,0
0_3_07-09-2013_1,1
0_3_07-09-2013_1,1
0_3_07-09-2013_2,0
0_3_07-09-2013_3,0
0_3_07-09-2013_4,0
0_3_07-09-2013_5,0
0_3_07-09-2013_6,0
0_4_07-09-2013_1,0
0_4_07-09-2013_10,0
0_4_07-09-2013_11,0
0_4_07-09-2013_12,0
0_4_07-09-2013_13,0
0_4_07-09-2013_14,0
0_4_07-09-2013_15,0
0_4_07-09-2013_16,0
0_4_07-09-2013_17,0
0_4_07-09-2013_18,0
0_4_07-09-2013_19,0
0_4_07-09-2013_20,0
0_4_07-09-2013_21,0
0_4_07-09-2013_22,0
0_4_07-09-2013_23,0
0_5_07-09-2013_1,0
0_5_07-09-2013_2,0
0_7_07-09-2013_0,1
0_7_07-09-2013_0,1
0_8_07-09-2013_10,0
0_8_07-09-2013_11,0
0_8_07-09-2013_12,0
0_8_07-09-2013_13,0
0_8_07-09-2013_14,0
0_8_07-09-2013_15,0
0_8_07-09-2013_16,0
0_8_07-09-2013_17,0
0_8_07-09-2013_18,0
0_8_07-09-2013_19,0
0_8_07-09-2013_20,0
0_8_07-09-2013_21,0
0_9_07-09-2013_10,1
0_9_07-09-2013_10,1
0_9_07-09-2013_11,1
0_9_07-09-2013_11,1
0_9_07-09-2013_12,1
0_9_07-09-2013_12,1
0_9_07-09-2013_13,1
0_9_07-09-2013_13,1
0_9_07-09-2013_14,1
0_9_07-09-2013_14,1
0_9_07-09-2013_15,1
0_9_07-09-2013_15,1
0_9_07-09-2013_16,1
0_9_07-09-2013_16,1
0_9_07-09-2013_17,1
0_9_07-09-2013_17,1
0_9_07-09-2013_4,1
0_9_07-09-2013_4,1
0_9_07-09-2013_5,1
0_9_07-09-2013_5,1
0_9_07-09-2013_6,1
0_9_07-09-2013_6,1
0_9_07-09-2013_7,1
0_9_07-09-2013_7,1
0_9_07-09-2013_9,1
0_9_07-09-2013_9,1
1_0_07-09-2013_0,0
1_0_07-09-2013_1,0
1_0_07-09-2013_10,0
1_0_07-09-2013_11,0
1_0_07-09-2013_12,0
1_0_07-09-2013_13,0
1_0_07-09-2013_14,0
1_0_07-09-2013_15,0
1_0_07-09-2013_16,0
1_0_07-09-2013_17,0
1_0_07-09-2013_18,0
1_0_07-09-2013_19,0
1_0_07-09-2013_2,0
1_0_07-09-2013_20,0
1_0_07-09-2013_21,0
1_0_07-09-2013_22,0
1_0_07-09-2013_23,0
1_0_07-09-2013_3,0
1_0_07-09-2013_4,0
1_0_07-09-2013_5,0
1_0_07-09-2013_6,0
1_0_07-09-2013_7,0
1_0_07-09-2013_8,0
1_0_07-09-2013_9,0
0_0_08-09-2013_10,0
0_0_08-09-2013_11,0
0_0_08-09-2013_12,0
0_0_08-09-2013_13,0
0_0_08-09-2013_14,0
0_0_08-09-2013_15,0
0_0_08-09-2013_16,0
0_0_08-09-2013_17,0
0_0_08-09-2013_18,0
0_0_08-09-2013_19,0
0_0_08-09-2013_20,0
0_0_08-09-2013_21,0
0_0_08-09-2013_22,0
0_0_08-09-2013_23,0
0_0_08-09-2013_5,0
0_0_08-09-2013_6,0
0_0_08-09-2013_7,0
0_0_08-09-2013_8,0
0_0_08-09-2013_9,0
0_1_08-09-2013_0,1
0_1_08-09-2013_0,1
0_1_08-09-2013_1,0
0_1_08-09-2013_10,0
0_1_08-09-2013_11,0
0_1_08-09-2013_12,0
0_1_08-09-2013_13,0
0_1_08-09-2013_14,0
0_1_08-09-2013_15,0
0_1_08-09-2013_16,0
0_1_08-09-2013_17,0
0_1_08-09-2013_18,0
0_1_08-09-2013_19,0
0_1_08-09-2013_2,1
0_1_08-09-2013_2,1
0_1_08-09-2013_20,1
0_1_08-09-2013_20,1
0_1_08-09-2013_21,0
0_1_08-09-2013_22,0
0_1_08-09-2013_23,0
0_1_08-09-2013_3,1
0_1_08-09-2013_3,1
0_1_08-09-2013_4,1
0_1_08-09-2013_4,1
0_1_08-09-2013_5,0
0_1_08-09-2013_6,0
0_1_08-09-2013_7,0
0_1_08-09-2013_8,0
0_1_08-09-2013_9,1
0_1_08-09-2013_9,1
0_10_08-09-2013_1,0
0_10_08-09-2013_12,1
0_10_08-09-2013_12,1
0_10_08-09-2013_13,0
0_10_08-09-2013_14,0
0_10_08-09-2013_15,0
0_10_08-09-2013_2,0
0_10_08-09-2013_3,0
0_10_08-09-2013_4,0
0_10_08-09-2013_5,1
0_10_08-09-2013_5,1
0_10_08-09-2013_6,1
0_10_08-09-2013_6,1
0_10_08-09-2013_7,1
0_10_08-09-2013_7,1
0_11_08-09-2013_10,0
0_11_08-09-2013_11,0
0_11_08-09-2013_14,0
0_11_08-09-2013_15,0
0_11_08-09-2013_16,0
0_11_08-09-2013_17,0
0_11_08-09-2013_18,0
0_11_08-09-2013_19,0
0_11_08-09-2013_8,0
0_11_08-09-2013_9,0
0_12_08-09-2013_14,0
0_12_08-09-2013_15,0
0_12_08-09-2013_16,0
0_12_08-09-2013_17,0
0_12_08-09-2013_19,1
0_12_08-09-2013_19,1
0_12_08-09-2013_20,0
0_12_08-09-2013_21,0
0_12_08-09-2013_22,0
0_2_08-09-2013_1,0
0_2_08-09-2013_2,0
0_2_08-09-2013_3,0
0_2_08-09-2013_4,0
0_3_08-09-2013_10,0
0_3_08-09-2013_11,0
0_3_08-09-2013_12,0
0_3_08-09-2013_13,0
0_3_08-09-2013_14,0
0_3_08-09-2013_15,0
0_3_08-09-2013_16,0
0_3_08-09-2013_17,0
0_3_08-09-2013_18,0
0_3_08-09-2013_5,1
0_3_08-09-2013_5,1
0_3_08-09-2013_6,1
0_3_08-09-2013_6,1
0_3_08-09-2013_7,1
0_3_08-09-2013_7,1
0_3_08-09-2013_8,0
0_3_08-09-2013_9,0
0_4_08-09-2013_10,0
0_4_08-09-2013_11,0
0_4_08-09-2013_12,0
0_4_08-09-2013_13,0
0_4_08-09-2013_14,0
0_4_08-09-2013_15,0
0_4_08-09-2013_9,0
0_5_08-09-2013_1,1
0_5_08-09-2013_1,1
0_5_08-09-2013_12,0
0_5_08-09-2013_13,0
0_5_08-09-2013_14,0
0_5_08-09-2013_2,0
0_5_08-09-2013_3,0
0_5_08-09-2013_4,0
0_5_08-09-2013_5,0
0_5_08-09-2013_6,0
0_5_08-09-2013_7,0
0_5_08-09-2013_8,0
0_5_08-09-2013_9,0
0_6_08-09-2013_12,0
0_6_08-09-2013_13,1
0_6_08-09-2013_13,1
0_6_08-09-2013_14,1
0_6_08-09-2013_14,1
0_6_08-09-2013_15,1
0_6_08-09-2013_15,1
0_6_08-09-2013_16,1
0_6_08-09-2013_16,1
0_6_08-09-2013_17,1
0_6_08-09-2013_17,1
0_6_08-09-2013_18,1
0_6_08-09-2013_18,1
0_6_08-09-2013_19,0
0_6_08-09-2013_20,0
0_6_08-09-2013_21,0
0_6_08-09-2013_22,0
0_6_08-09-2013_23,1
0_6_08-09-2013_23,1
0_7_08-09-2013_12,1
0_7_08-09-2013_12,1
0_7_08-09-2013_13,1
0_7_08-09-2013_13,1
0_7_08-09-2013_14,1
0_7_08-09-2013_14,1
0_7_08-09-2013_15,1
0_7_08-09-2013_15,1
0_7_08-09-2013_16,1
0_7_08-09-2013_16,1
0_7_08-09-2013_17,0
0_7_08-09-2013_18,0
0_7_08-09-2013_19,0
0_7_08-09-2013_20,0
0_7_08-09-2013_21,0
0_7_08-09-2013_22,0
0_8_08-09-2013_10,0
0_8_08-09-2013_11,0
0_8_08-09-2013_12,0
0_8_08-09-2013_13,0
0_8_08-09-2013_14,0
0_8_08-09-2013_15,0
0_8_08-09-2013_2,0
0_8_08-09-2013_3,0
0_8_08-09-2013_4,0
0_8_08-09-2013_5,0
0_8_08-09-2013_6,0
0_8_08-09-2013_7,0
0_8_08-09-2013_8,0
0_8_08-09-2013_9,0
0_9_08-09-2013_14,1
0_9_08-09-2013_14,1
0_9_08-09-2013_15,1
0_9_08-09-2013_15,1
0_9_08-09-2013_16,1
0_9_08-09-2013_16,1
1_0_08-09-2013_0,0
1_0_08-09-2013_1,0
1_0_08-09-2013_10,0
1_0_08-09-2013_11,0
1_0_08-09-2013_12,0
1_0_08-09-2013_13,0
1_0_08-09-2013_14,0
1_0_08-09-2013_15,0
1_0_08-09-2013_16,0
1_0_08-09-2013_17,0
1_0_08-09-2013_18,0
1_0_08-09-2013_19,0
1_0_08-09-2013_2,0
1_0_08-09-2013_20,0
1_0_08-09-2013_21,0
1_0_08-09-2013_22,0
1_0_08-09-2013_23,0
1_0_08-09-2013_3,0
1_0_08-09-2013_4,0
1_0_08-09-2013_5,0
1_0_08-09-2013_6,0
1_0_08-09-2013_7,0
1_0_08-09-2013_8,0
1_0_08-09-2013_9,0
0_0_09-09-2013_1,0
0_0_09-09-2013_10,0
0_0_09-09-2013_11,0
0_0_09-09-2013_12,0
0_0_09-09-2013_13,0
0_0_09-09-2013_14,0
0_0_09-09-2013_15,0
0_0_09-09-2013_16,0
0_0_09-09-2013_17,0
0_0_09-09-2013_18,0
0_0_09-09-2013_19,0
0_0_09-09-2013_2,0
0_0_09-09-2013_20,0
0_0_09-09-2013_21,0
0_0_09-09-2013_22,0
0_0_09-09-2013_23,0
0_0_09-09-2013_3,0
0_0_09-09-2013_4,0
0_0_09-09-2013_5,0
0_0_09-09-2013_6,0
0_0_09-09-2013_7,0
0_0_09-09-2013_8,0
0_0_09-09-2013_9,0
0_1_09-09-2013_1,0
0_1_09-09-2013_10,0
0_1_09-09-2013_11,0
0_1_09-09-2013_12,0
0_1_09-09-2013_13,0
0_1_09-09-2013_14,0
0_1_09-09-2013_15,0
0_1_09-09-2013_16,0
0_1_09-09-2013_17,1
0_1_09-09-2013_17,1
0_1_09-09-2013_18,1
0_1_09-09-2013_18,1
0_1_09-09-2013_19,1
0_1_09-09-2013_19,1
0_1_09-09-2013_2,0
0_1_09-09-2013_20,1
0_1_09-09-2013_20,1
0_1_09-09-2013_21,1
0_1_09-09-2013_21,1
0_1_09-09-2013_22,1
0_1_09-09-2013_22,1
0_1_09-09-2013_23,1
0_1_09-09-2013_23,1
0_1_09-09-2013_3,0
0_1_09-09-2013_4,0
0_1_09-09-2013_5,0
0_1_09-09-2013_6,0
0_1_09-09-2013_7,0
0_1_09-09-2013_8,0
0_1_09-09-2013_9,0
0_12_09-09-2013_1,0
0_12_09-09-2013_11,0
0_12_09-09-2013_12,0
0_12_09-09-2013_13,0
0_12_09-09-2013_14,0
0_12_09-09-2013_2,0
0_12_09-09-2013_22,0
0_12_09-09-2013_23,0
0_12_09-09-2013_3,0
0_2_09-09-2013_23,0
0_4_09-09-2013_17,0
0_4_09-09-2013_18,0
0_4_09-09-2013_19,0
0_4_09-09-2013_20,0
0_4_09-09-2013_21,0
0_4_09-09-2013_22,0
0_4_09-09-2013_23,0
0_6_09-09-2013_0,1
0_6_09-09-2013_0,1
0_8_09-09-2013_10,0
0_8_09-09-2013_11,1
0_8_09-09-2013_11,1
0_8_09-09-2013_12,1
0_8_09-09-2013_12,1
0_8_09-09-2013_13,0
0_8_09-09-2013_14,0
0_8_09-09-2013_15,0
0_8_09-09-2013_16,0
0_8_09-09-2013_17,0
0_8_09-09-2013_18,0
0_8_09-09-2013_19,0
0_8_09-09-2013_9,0
0_9_09-09-2013_1,1
0_9_09-09-2013_1,1
0_9_09-09-2013_10,0
0_9_09-09-2013_11,0
0_9_09-09-2013_12,0
0_9_09-09-2013_13,0
0_9_09-09-2013_14,0
0_9_09-09-2013_15,0
0_9_09-09-2013_2,1
0_9_09-09-2013_2,1
0_9_09-09-2013_21,0
0_9_09-09-2013_22,0
0_9_09-09-2013_23,0
0_9_09-09-2013_3,1
0_9_09-09-2013_3,1
0_9_09-09-2013_4,1
0_9_09-09-2013_4,1
0_9_09-09-2013_5,1
0_9_09-09-2013_5,1
0_9_09-09-2013_6,0
0_9_09-09-2013_7,0
0_9_09-09-2013_8,0
0_9_09-09-2013_9,0
1_0_09-09-2013_0,0
1_0_09-09-2013_1,0
1_0_09-09-2013_10,0
1_0_09-09-2013_12,0
1_0_09-09-2013_13,0
1_0_09-09-2013_14,0
1_0_09-09-2013_15,0
1_0_09-09-2013_16,0
1_0_09-09-2013_17,0
1_0_09-09-2013_18,0
1_0_09-09-2013_19,0
1_0_09-09-2013_2,0
1_0_09-09-2013_20,0
1_0_09-09-2013_21,0
1_0_09-09-2013_22,0
1_0_09-09-2013_23,0
1_0_09-09-2013_3,0
1_0_09-09-2013_4,0
1_0_09-09-2013_5,0
1_0_09-09-2013_6,0
1_0_09-09-2013_7,0
1_0_09-09-2013_8,0
1_0_09-09-2013_9,0
